[{"complete": true, "Conversation Survey 1": {"I would be COMFORTABLE with a HUMAN saying the response": {"question_id": 206985671322173682907497056821766983231, "ans": 4}, "I would be COMFORTABLE with R saying the response": {"question_id": 181866825672432314413592048071984202954, "ans": 2}, "The response R gave would be POSSIBLE for a HUMAN to truthfully say": {"question_id": 309739626823454462404960209345179056485, "ans": 1}, "The response R gave would be POSSIBLE for R to truthfully say": {"question_id": 261403229946587625347851666375710786176, "ans": 2}}, "Conversation Survey 10": {"I would be COMFORTABLE with a HUMAN saying the response": {"question_id": 235047105669992083256554564427356405297, "ans": 5}, "I would be COMFORTABLE with R saying the response": {"question_id": 133932655569888754969059142408301787277, "ans": 5}, "The response R gave would be POSSIBLE for a HUMAN to truthfully say": {"question_id": 336236374540431411475725033568395014233, "ans": 5}, "The response R gave would be POSSIBLE for R to truthfully say": {"question_id": 67068625734225367146520186674090714750, "ans": 5}}, "Conversation Survey 11": {"I would be COMFORTABLE with a HUMAN saying the response": {"question_id": 132395315551656117464569534300733100830, "ans": 5}, "I would be COMFORTABLE with R saying the response": {"question_id": 296102961164256794281671437427183107458, "ans": 3}, "The response R gave would be POSSIBLE for a HUMAN to truthfully say": {"question_id": 173494099206057348695825548730167366971, "ans": 4}, "The response R gave would be POSSIBLE for R to truthfully say": {"question_id": 279499247564665452077469181631147561055, "ans": 4}}, "Conversation Survey 12": {"I would be COMFORTABLE with a HUMAN saying the response": {"question_id": 136084416181336748120322516663083899835, "ans": 4}, "I would be COMFORTABLE with R saying the response": {"question_id": 187826620861263527092058493473828387375, "ans": 3}, "The response R gave would be POSSIBLE for a HUMAN to truthfully say": {"question_id": 280390288851706879335139527396371376022, "ans": 4}, "The response R gave would be POSSIBLE for R to truthfully say": {"question_id": 161134955608959767800025906264082953254, "ans": 4}}, "Conversation Survey 13": {"I would be COMFORTABLE with a HUMAN saying the response": {"question_id": 27339438745851292906383305271650103400, "ans": 4}, "I would be COMFORTABLE with R saying the response": {"question_id": 96478722155165657108629927261006745493, "ans": 4}, "The response R gave would be POSSIBLE for a HUMAN to truthfully say": {"question_id": 335226475988030959621786694965366578386, "ans": 4}, "The response R gave would be POSSIBLE for R to truthfully say": {"question_id": 131455079939824542568131681184554028647, "ans": 4}}, "Conversation Survey 14": {"I would be COMFORTABLE with a HUMAN saying the response": {"question_id": 205239225731697018318067315339365216584, "ans": 4}, "I would be COMFORTABLE with R saying the response": {"question_id": 258357001583011863534949665751112677504, "ans": 5}, "The response R gave would be POSSIBLE for a HUMAN to truthfully say": {"question_id": 176747335044042490581917731845834376032, "ans": 4}, "The response R gave would be POSSIBLE for R to truthfully say": {"question_id": 13990311368233856195853748932415354692, "ans": 4}}, "Conversation Survey 15": {"I would be COMFORTABLE with a HUMAN saying the response": {"question_id": 185702210438990376472240829153271108054, "ans": 4}, "I would be COMFORTABLE with R saying the response": {"question_id": 31804129277139896366484601330847296687, "ans": 2}, "The response R gave would be POSSIBLE for a HUMAN to truthfully say": {"question_id": 272238197969731925303746420737284382045, "ans": 4}, "The response R gave would be POSSIBLE for R to truthfully say": {"question_id": 241313964892140092306523367640004207966, "ans": 3}}, "Conversation Survey 2": {"I would be COMFORTABLE with a HUMAN saying the response": {"question_id": 228731054258141482100816852465785184276, "ans": 2}, "I would be COMFORTABLE with R saying the response": {"question_id": 203031264941863019842113069247016481439, "ans": 2}, "The response R gave would be POSSIBLE for a HUMAN to truthfully say": {"question_id": 63271088101232747699187673744265646071, "ans": 4}, "The response R gave would be POSSIBLE for R to truthfully say": {"question_id": 173885273606471957138129677325297542153, "ans": 4}}, "Conversation Survey 3": {"I would be COMFORTABLE with a HUMAN saying the response": {"question_id": 18325250624454811938966761500143720966, "ans": 4}, "I would be COMFORTABLE with R saying the response": {"question_id": 253334540009543007712179829532492852605, "ans": 1}, "The response R gave would be POSSIBLE for a HUMAN to truthfully say": {"question_id": 2917865379862888148572483514881314984, "ans": 1}, "The response R gave would be POSSIBLE for R to truthfully say": {"question_id": 272540438820657299955140495043210138910, "ans": 2}}, "Conversation Survey 4": {"I would be COMFORTABLE with a HUMAN saying the response": {"question_id": 133392169511010858270355556763997221241, "ans": 5}, "I would be COMFORTABLE with R saying the response": {"question_id": 259159695292228170479628595115867821029, "ans": 5}, "The response R gave would be POSSIBLE for a HUMAN to truthfully say": {"question_id": 283367676908019868125127616266532129898, "ans": 4}, "The response R gave would be POSSIBLE for R to truthfully say": {"question_id": 211163231255322507415758208377630977603, "ans": 4}}, "Conversation Survey 5": {"I would be COMFORTABLE with a HUMAN saying the response": {"question_id": 94885134331295422064062087083713927534, "ans": 4}, "I would be COMFORTABLE with R saying the response": {"question_id": 221445248043138284947017404066887372998, "ans": 4}, "The response R gave would be POSSIBLE for a HUMAN to truthfully say": {"question_id": 185830233197043356672763100731691905254, "ans": 5}, "The response R gave would be POSSIBLE for R to truthfully say": {"question_id": 319435102202513711507372756074242768331, "ans": 4}}, "Conversation Survey 6": {"I would be COMFORTABLE with a HUMAN saying the response": {"question_id": 127267900027140165113780265810575772998, "ans": 3}, "I would be COMFORTABLE with R saying the response": {"question_id": 301952634498238336350525542390937158859, "ans": 1}, "The response R gave would be POSSIBLE for a HUMAN to truthfully say": {"question_id": 65043691643463408518000952005260101676, "ans": 1}, "The response R gave would be POSSIBLE for R to truthfully say": {"question_id": 279283992081809701215942120719900701512, "ans": 3}}, "Conversation Survey 7": {"I would be COMFORTABLE with a HUMAN saying the response": {"question_id": 183785901095638356923727165476100464651, "ans": 5}, "I would be COMFORTABLE with R saying the response": {"question_id": 268781746198420975116969494615258871514, "ans": 5}, "The response R gave would be POSSIBLE for a HUMAN to truthfully say": {"question_id": 167201578660209433596725360999093374278, "ans": 5}, "The response R gave would be POSSIBLE for R to truthfully say": {"question_id": 184213126746900005892976549097110051864, "ans": 5}}, "Conversation Survey 8": {"I would be COMFORTABLE with a HUMAN saying the response": {"question_id": 229834786756301880968113689701212039197, "ans": 5}, "I would be COMFORTABLE with R saying the response": {"question_id": 182168348718659436639895903197346305091, "ans": 5}, "The response R gave would be POSSIBLE for a HUMAN to truthfully say": {"question_id": 34024576020618484216056452528054975559, "ans": 5}, "The response R gave would be POSSIBLE for R to truthfully say": {"question_id": 128396144325771095219736623471056317341, "ans": 5}}, "Conversation Survey 9": {"I would be COMFORTABLE with a HUMAN saying the response": {"question_id": 188343334317820273936588862978662667352, "ans": 5}, "I would be COMFORTABLE with R saying the response": {"question_id": 53527317839928065299558351785529619160, "ans": 5}, "The response R gave would be POSSIBLE for a HUMAN to truthfully say": {"question_id": 225649143316335449642382905331378404539, "ans": 5}, "The response R gave would be POSSIBLE for R to truthfully say": {"question_id": 153646082918635610895452884788692975945, "ans": 5}}, "Demographic Questions": {"Age": {"question_id": 9438702690822455817, "ans": "30-49"}, "Gender": {"question_id": 1640457057705936196, "ans": "Male"}, "Highest Education Level Completed": {"question_id": 14992903291918516571, "ans": "College"}, "How often do you use voice assistants (such as Apple Siri, Amazon Alexa, or Google Assistant": {"question_id": 4384453749404882011, "ans": "Once a week"}}, "mturk": {"assignment_id": "3FFJ6VRIL1OJHINZNXL7HTV4D7L0IT", "end_point": "https://www.mturk.com/mturk/externalSubmit"}, "task_id": "fcb4d97f-7eee-4286-bcba-2a505b3a7626"}, {"complete": true, "Conversation Survey 1": {"The response R gave would be POSSIBLE for R to truthfully say": {"question_id": 200898851930362558778576174733547558662, "ans": 4}, "The response R gave would be POSSIBLE for a HUMAN to truthfully say": {"question_id": 267895244554343828200720217254042362882, "ans": 4}, "I would be COMFORTABLE with R saying the response": {"question_id": 319745306656792446029926366525731797070, "ans": 3}, "I would be COMFORTABLE with a HUMAN saying the response": {"question_id": 169045620901946844389828446432854892681, "ans": 5}}, "Conversation Survey 10": {"The response R gave would be POSSIBLE for R to truthfully say": {"question_id": 266631974524534002328094137503385921259, "ans": 4}, "The response R gave would be POSSIBLE for a HUMAN to truthfully say": {"question_id": 142335252287024018610229303939220046966, "ans": 4}, "I would be COMFORTABLE with R saying the response": {"question_id": 50835650724909345562547922615247306737, "ans": 3}, "I would be COMFORTABLE with a HUMAN saying the response": {"question_id": 15962429997014482711259528332669369132, "ans": 4}}, "Conversation Survey 11": {"The response R gave would be POSSIBLE for R to truthfully say": {"question_id": 33494431940289407526205025618243618729, "ans": 5}, "The response R gave would be POSSIBLE for a HUMAN to truthfully say": {"question_id": 125582533044426202483447011486337414100, "ans": 3}, "I would be COMFORTABLE with R saying the response": {"question_id": 274965385357131412315915200503419835886, "ans": 4}, "I would be COMFORTABLE with a HUMAN saying the response": {"question_id": 65952853803290666820677266339244093438, "ans": 4}}, "Conversation Survey 12": {"The response R gave would be POSSIBLE for R to truthfully say": {"question_id": 269232649636591318295419726480522938719, "ans": 4}, "The response R gave would be POSSIBLE for a HUMAN to truthfully say": {"question_id": 325607164095475104840951132906977563668, "ans": 3}, "I would be COMFORTABLE with R saying the response": {"question_id": 31187788347296955150075820589145481956, "ans": 4}, "I would be COMFORTABLE with a HUMAN saying the response": {"question_id": 41304637555807097471709822998292542156, "ans": 4}}, "Conversation Survey 13": {"The response R gave would be POSSIBLE for R to truthfully say": {"question_id": 318022751851750245242023675528794857096, "ans": 5}, "The response R gave would be POSSIBLE for a HUMAN to truthfully say": {"question_id": 199847662035358455864619801580156160393, "ans": 3}, "I would be COMFORTABLE with R saying the response": {"question_id": 33299025011275250517602156181899159636, "ans": 3}, "I would be COMFORTABLE with a HUMAN saying the response": {"question_id": 135989265954546365579090026113135092241, "ans": 3}}, "Conversation Survey 14": {"The response R gave would be POSSIBLE for R to truthfully say": {"question_id": 144337570503186073065841305186658591981, "ans": 4}, "The response R gave would be POSSIBLE for a HUMAN to truthfully say": {"question_id": 18267564457927364186716594414038441377, "ans": 5}, "I would be COMFORTABLE with R saying the response": {"question_id": 41922851702498278894971824892978557491, "ans": 3}, "I would be COMFORTABLE with a HUMAN saying the response": {"question_id": 138072329750114447772701544398369341866, "ans": 4}}, "Conversation Survey 15": {"The response R gave would be POSSIBLE for R to truthfully say": {"question_id": 338416360156458429723135938656687998326, "ans": 5}, "The response R gave would be POSSIBLE for a HUMAN to truthfully say": {"question_id": 156889108540788954190593662086388209012, "ans": 3}, "I would be COMFORTABLE with R saying the response": {"question_id": 305173282833311900263093905933470389702, "ans": 4}, "I would be COMFORTABLE with a HUMAN saying the response": {"question_id": 339284714313546395259787674228445162067, "ans": 3}}, "Conversation Survey 2": {"The response R gave would be POSSIBLE for R to truthfully say": {"question_id": 129462728476764370490922961223993391400, "ans": 4}, "The response R gave would be POSSIBLE for a HUMAN to truthfully say": {"question_id": 150174904356480957953460632679794378059, "ans": 3}, "I would be COMFORTABLE with a HUMAN saying the response": {"question_id": 252389844094973402513366441415130666927, "ans": 5}, "I would be COMFORTABLE with R saying the response": {"question_id": 93823664210392778960156141176465588627, "ans": 4}}, "Conversation Survey 3": {"The response R gave would be POSSIBLE for R to truthfully say": {"question_id": 200137305397413959463699301333173668822, "ans": 3}, "The response R gave would be POSSIBLE for a HUMAN to truthfully say": {"question_id": 197247994136450639946128063354778062231, "ans": 3}, "I would be COMFORTABLE with R saying the response": {"question_id": 53327778988005987741756663071098353545, "ans": 5}, "I would be COMFORTABLE with a HUMAN saying the response": {"question_id": 161988273394032700042358134936514105545, "ans": 4}}, "Conversation Survey 4": {"The response R gave would be POSSIBLE for R to truthfully say": {"question_id": 204074552670964236662046739189819383868, "ans": 5}, "The response R gave would be POSSIBLE for a HUMAN to truthfully say": {"question_id": 235308871172059045750261192351913831996, "ans": 3}, "I would be COMFORTABLE with R saying the response": {"question_id": 191386553221080828286275056130927783323, "ans": 4}, "I would be COMFORTABLE with a HUMAN saying the response": {"question_id": 11415318895021775711025958995538380883, "ans": 4}}, "Conversation Survey 5": {"The response R gave would be POSSIBLE for R to truthfully say": {"question_id": 100142738265257590400411672057099775650, "ans": 5}, "The response R gave would be POSSIBLE for a HUMAN to truthfully say": {"question_id": 214767805857533510073495010780570558266, "ans": 4}, "I would be COMFORTABLE with R saying the response": {"question_id": 94881769098828973228003383875173875283, "ans": 4}, "I would be COMFORTABLE with a HUMAN saying the response": {"question_id": 151194939623661441146583602462701731410, "ans": 5}}, "Conversation Survey 6": {"The response R gave would be POSSIBLE for R to truthfully say": {"question_id": 146983516693499742013218701815268406910, "ans": 3}, "The response R gave would be POSSIBLE for a HUMAN to truthfully say": {"question_id": 261196656121106388502388451610769250218, "ans": 4}, "I would be COMFORTABLE with R saying the response": {"question_id": 84907480311682015980575393637994762574, "ans": 3}, "I would be COMFORTABLE with a HUMAN saying the response": {"question_id": 117277752419625671032243327889071798429, "ans": 4}}, "Conversation Survey 7": {"The response R gave would be POSSIBLE for R to truthfully say": {"question_id": 175478957881561852602954177069696144215, "ans": 4}, "The response R gave would be POSSIBLE for a HUMAN to truthfully say": {"question_id": 135263115185332724596894384815411924379, "ans": 3}, "I would be COMFORTABLE with R saying the response": {"question_id": 78118877863146032960503137276059670153, "ans": 5}, "I would be COMFORTABLE with a HUMAN saying the response": {"question_id": 295727154309584994669131966234153602810, "ans": 4}}, "Conversation Survey 8": {"The response R gave would be POSSIBLE for R to truthfully say": {"question_id": 335643997167588217024146624975556268459, "ans": 4}, "The response R gave would be POSSIBLE for a HUMAN to truthfully say": {"question_id": 121455041408950836337456249005977438656, "ans": 3}, "I would be COMFORTABLE with R saying the response": {"question_id": 161325266817664439704295911294374282136, "ans": 3}, "I would be COMFORTABLE with a HUMAN saying the response": {"question_id": 112529778264960337441996828762404446299, "ans": 4}}, "Conversation Survey 9": {"The response R gave would be POSSIBLE for R to truthfully say": {"question_id": 326409181795125266646012280736514019009, "ans": 3}, "The response R gave would be POSSIBLE for a HUMAN to truthfully say": {"question_id": 108764295315387111987282673124282922621, "ans": 4}, "I would be COMFORTABLE with R saying the response": {"question_id": 127892405829481918366223489789911982589, "ans": 4}, "I would be COMFORTABLE with a HUMAN saying the response": {"question_id": 59325388987362664690450271176847845646, "ans": 3}}, "Demographic Questions": {"Age": {"question_id": 9438702690822455817, "ans": "29 or younger"}, "Gender": {"question_id": 1640457057705936196, "ans": "Male"}, "Highest Education Level Completed": {"question_id": 14992903291918516571, "ans": "College"}, "How often do you use voice assistants (such as Apple Siri, Amazon Alexa, or Google Assistant": {"question_id": 4384453749404882011, "ans": "Once a week"}}, "mturk": {"assignment_id": "3TU5ZICBRD1EG5GLV93VJAS8NFAQ85", "end_point": "https://www.mturk.com/mturk/externalSubmit"}, "task_id": "5458ead3-27b6-4103-b7b6-8d67e7e26ec1"}, {"complete": true, "Conversation Survey 1": {"I would be COMFORTABLE with a HUMAN saying the response": {"question_id": 25520335244634341551290311387012596696, "ans": 4}, "I would be COMFORTABLE with R saying the response": {"question_id": 252886018973244889460020995136234411186, "ans": 4}, "The response R gave would be POSSIBLE for a HUMAN to truthfully say": {"question_id": 328340040965949503081964553948170652113, "ans": 5}, "The response R gave would be POSSIBLE for R to truthfully say": {"question_id": 115234185094393359968498267533316696547, "ans": 5}}, "Conversation Survey 10": {"I would be COMFORTABLE with a HUMAN saying the response": {"question_id": 231975789310388530969427993969788733474, "ans": 5}, "I would be COMFORTABLE with R saying the response": {"question_id": 38903477160312851699440685668856306093, "ans": 4}, "The response R gave would be POSSIBLE for a HUMAN to truthfully say": {"question_id": 193499150825909199259122657497292234632, "ans": 5}, "The response R gave would be POSSIBLE for R to truthfully say": {"question_id": 329718762087510883575167815629723710054, "ans": 3}}, "Conversation Survey 11": {"I would be COMFORTABLE with a HUMAN saying the response": {"question_id": 59993755136556672199093681782146322185, "ans": 5}, "I would be COMFORTABLE with R saying the response": {"question_id": 296652199949975837252944657840661961904, "ans": 4}, "The response R gave would be POSSIBLE for a HUMAN to truthfully say": {"question_id": 111128396465173913361603324137783302690, "ans": 5}, "The response R gave would be POSSIBLE for R to truthfully say": {"question_id": 15416816639509600738113652701833997556, "ans": 4}}, "Conversation Survey 12": {"I would be COMFORTABLE with a HUMAN saying the response": {"question_id": 302293798560536665350186378732925583318, "ans": 1}, "I would be COMFORTABLE with R saying the response": {"question_id": 113812581658656914599491892958856684473, "ans": 1}, "The response R gave would be POSSIBLE for a HUMAN to truthfully say": {"question_id": 167944830293428247324438640035482944684, "ans": 5}, "The response R gave would be POSSIBLE for R to truthfully say": {"question_id": 93356709943257745781312801168285650764, "ans": 1}}, "Conversation Survey 13": {"I would be COMFORTABLE with a HUMAN saying the response": {"question_id": 112888315007653874177215699239221077046, "ans": 3}, "I would be COMFORTABLE with R saying the response": {"question_id": 240735969076507595800710981612360268409, "ans": 2}, "The response R gave would be POSSIBLE for a HUMAN to truthfully say": {"question_id": 190153110739677665125714262797917143817, "ans": 5}, "The response R gave would be POSSIBLE for R to truthfully say": {"question_id": 333452380103243866754155457293978994880, "ans": 1}}, "Conversation Survey 14": {"I would be COMFORTABLE with a HUMAN saying the response": {"question_id": 146351471527665419992027380122963102930, "ans": 5}, "I would be COMFORTABLE with R saying the response": {"question_id": 270534771522724046991071973328082866176, "ans": 5}, "The response R gave would be POSSIBLE for a HUMAN to truthfully say": {"question_id": 225192045563871195718002062216376992188, "ans": 5}, "The response R gave would be POSSIBLE for R to truthfully say": {"question_id": 297917544445506943730626101945382930181, "ans": 5}}, "Conversation Survey 15": {"I would be COMFORTABLE with a HUMAN saying the response": {"question_id": 271678555765234141628215723836121403157, "ans": 5}, "I would be COMFORTABLE with R saying the response": {"question_id": 98098227131652391883934165550312016796, "ans": 4}, "The response R gave would be POSSIBLE for a HUMAN to truthfully say": {"question_id": 38301120417603153446240890838187929395, "ans": 5}, "The response R gave would be POSSIBLE for R to truthfully say": {"question_id": 196890356651807577899884105242654842319, "ans": 3}}, "Conversation Survey 2": {"I would be COMFORTABLE with a HUMAN saying the response": {"question_id": 88096219631326006662698587768052339278, "ans": 5}, "I would be COMFORTABLE with R saying the response": {"question_id": 327906146473309893131454960809852829894, "ans": 5}, "The response R gave would be POSSIBLE for a HUMAN to truthfully say": {"question_id": 248746700345517122364512525070201642972, "ans": 5}, "The response R gave would be POSSIBLE for R to truthfully say": {"question_id": 301662085029948437844052922301613421106, "ans": 3}}, "Conversation Survey 3": {"I would be COMFORTABLE with a HUMAN saying the response": {"question_id": 123918655492895939055056986963465443204, "ans": 5}, "I would be COMFORTABLE with R saying the response": {"question_id": 335761841938958194746128729868640229964, "ans": 5}, "The response R gave would be POSSIBLE for a HUMAN to truthfully say": {"question_id": 64483366122970943800568677595775080320, "ans": 5}, "The response R gave would be POSSIBLE for R to truthfully say": {"question_id": 244275098306048509602456813157361573662, "ans": 5}}, "Conversation Survey 4": {"I would be COMFORTABLE with a HUMAN saying the response": {"question_id": 75694632936942040945650280879332497417, "ans": 5}, "I would be COMFORTABLE with R saying the response": {"question_id": 305057441868272472045185664183545315712, "ans": 5}, "The response R gave would be POSSIBLE for a HUMAN to truthfully say": {"question_id": 257021212841043313297737595738045211475, "ans": 5}, "The response R gave would be POSSIBLE for R to truthfully say": {"question_id": 150902678171629976364471351057282240632, "ans": 5}}, "Conversation Survey 5": {"I would be COMFORTABLE with a HUMAN saying the response": {"question_id": 242187440726253317890559816975647339114, "ans": 5}, "I would be COMFORTABLE with R saying the response": {"question_id": 264638881768054120448381327838498872637, "ans": 4}, "The response R gave would be POSSIBLE for a HUMAN to truthfully say": {"question_id": 261899835161244571399668927512492966940, "ans": 5}, "The response R gave would be POSSIBLE for R to truthfully say": {"question_id": 293031871462131803080959189101082485926, "ans": 2}}, "Conversation Survey 6": {"I would be COMFORTABLE with a HUMAN saying the response": {"question_id": 280231606131879981703104264154701311505, "ans": 5}, "I would be COMFORTABLE with R saying the response": {"question_id": 212738593217571605896952227927823991091, "ans": 5}, "The response R gave would be POSSIBLE for a HUMAN to truthfully say": {"question_id": 121199796984369397700154047052680090477, "ans": 5}, "The response R gave would be POSSIBLE for R to truthfully say": {"question_id": 68469587874764758470809325902258100776, "ans": 5}}, "Conversation Survey 7": {"I would be COMFORTABLE with a HUMAN saying the response": {"question_id": 215293381196169862543917332679381625411, "ans": 5}, "I would be COMFORTABLE with R saying the response": {"question_id": 70444784387201498170271463841486781826, "ans": 4}, "The response R gave would be POSSIBLE for a HUMAN to truthfully say": {"question_id": 243066608316603911797582380292125370408, "ans": 5}, "The response R gave would be POSSIBLE for R to truthfully say": {"question_id": 326641554586409340610905963793754372922, "ans": 4}}, "Conversation Survey 8": {"I would be COMFORTABLE with a HUMAN saying the response": {"question_id": 79206206395929263282108773426352773969, "ans": 5}, "I would be COMFORTABLE with R saying the response": {"question_id": 327150855535060358760668846836539712773, "ans": 3}, "The response R gave would be POSSIBLE for a HUMAN to truthfully say": {"question_id": 309091644100367323529572607063026246941, "ans": 5}, "The response R gave would be POSSIBLE for R to truthfully say": {"question_id": 157506562558732658916764275367500917438, "ans": 2}}, "Conversation Survey 9": {"I would be COMFORTABLE with a HUMAN saying the response": {"question_id": 209548298357294279302924154685027205678, "ans": 5}, "I would be COMFORTABLE with R saying the response": {"question_id": 56623033830412357501405602382989788304, "ans": 4}, "The response R gave would be POSSIBLE for a HUMAN to truthfully say": {"question_id": 31452627783699900116787779593585139421, "ans": 5}, "The response R gave would be POSSIBLE for R to truthfully say": {"question_id": 173644605985769927423358711956742335007, "ans": 5}}, "Demographic Questions": {"Age": {"question_id": 9438702690822455817, "ans": "30-49"}, "Gender": {"question_id": 1640457057705936196, "ans": "Female"}, "Highest Education Level Completed": {"question_id": 14992903291918516571, "ans": "College"}, "How often do you use voice assistants (such as Apple Siri, Amazon Alexa, or Google Assistant": {"question_id": 4384453749404882011, "ans": "Used only a few times"}}, "mturk": {"assignment_id": "339ANSOTR52LU8U3RQVP0DADR5OIKE", "end_point": "https://www.mturk.com/mturk/externalSubmit"}, "task_id": "d34973fc-69a5-4891-908c-5af7c9e609c8"}, {"complete": true, "Conversation Survey 1": {"I would be COMFORTABLE with a HUMAN saying the response": {"question_id": 159333379411011254738787460655264073565, "ans": 5}, "I would be COMFORTABLE with R saying the response": {"question_id": 148359710450895190313978288751654742790, "ans": 4}, "The response R gave would be POSSIBLE for a HUMAN to truthfully say": {"question_id": 269507884158438165471181944049937547039, "ans": 5}, "The response R gave would be POSSIBLE for R to truthfully say": {"question_id": 170742566090375127382706872653126577379, "ans": 1}}, "Conversation Survey 10": {"I would be COMFORTABLE with a HUMAN saying the response": {"question_id": 206641623524940337031737261371187725422, "ans": 5}, "I would be COMFORTABLE with R saying the response": {"question_id": 292228748717799616421330229661451561906, "ans": 1}, "The response R gave would be POSSIBLE for a HUMAN to truthfully say": {"question_id": 277728096630239851218877332292400070746, "ans": 5}, "The response R gave would be POSSIBLE for R to truthfully say": {"question_id": 6593452536572375219786558240146920614, "ans": 1}}, "Conversation Survey 11": {"I would be COMFORTABLE with a HUMAN saying the response": {"question_id": 128392833678839262098234798507625489858, "ans": 4}, "I would be COMFORTABLE with R saying the response": {"question_id": 295821287579220857436781524527323775777, "ans": 1}, "The response R gave would be POSSIBLE for a HUMAN to truthfully say": {"question_id": 307353284900302266104247606916430567895, "ans": 5}, "The response R gave would be POSSIBLE for R to truthfully say": {"question_id": 305065509357555680065795262029333256678, "ans": 1}}, "Conversation Survey 12": {"I would be COMFORTABLE with a HUMAN saying the response": {"question_id": 95453158106648233692566533849612925511, "ans": 1}, "I would be COMFORTABLE with R saying the response": {"question_id": 128538456274548159518855305329148148041, "ans": 1}, "The response R gave would be POSSIBLE for a HUMAN to truthfully say": {"question_id": 220960230961374550299971856935855477129, "ans": 3}, "The response R gave would be POSSIBLE for R to truthfully say": {"question_id": 189328848671718162758870834214222993166, "ans": 1}}, "Conversation Survey 13": {"I would be COMFORTABLE with a HUMAN saying the response": {"question_id": 227669770779803497173563527674196254596, "ans": 5}, "I would be COMFORTABLE with R saying the response": {"question_id": 195385542985816085391120287654239975973, "ans": 5}, "The response R gave would be POSSIBLE for a HUMAN to truthfully say": {"question_id": 255234134942652365971680558787076382903, "ans": 5}, "The response R gave would be POSSIBLE for R to truthfully say": {"question_id": 329532120072371665486341766624087452108, "ans": 5}}, "Conversation Survey 14": {"I would be COMFORTABLE with a HUMAN saying the response": {"question_id": 146880490591369536289966067324325784702, "ans": 4}, "I would be COMFORTABLE with R saying the response": {"question_id": 134501324022237046469432265508591879032, "ans": 5}, "The response R gave would be POSSIBLE for a HUMAN to truthfully say": {"question_id": 72847833852965635810826433683897783115, "ans": 5}, "The response R gave would be POSSIBLE for R to truthfully say": {"question_id": 488108789521984918450719971898541339, "ans": 5}}, "Conversation Survey 15": {"I would be COMFORTABLE with a HUMAN saying the response": {"question_id": 204043037444157144875682718375197592744, "ans": 5}, "I would be COMFORTABLE with R saying the response": {"question_id": 338850500939938131135667164134798347355, "ans": 3}, "The response R gave would be POSSIBLE for a HUMAN to truthfully say": {"question_id": 242605847260572061970397209820357246540, "ans": 5}, "The response R gave would be POSSIBLE for R to truthfully say": {"question_id": 11494006372468962728458692005455550982, "ans": 3}}, "Conversation Survey 2": {"I would be COMFORTABLE with a HUMAN saying the response": {"question_id": 38180718230320798212862837226044889436, "ans": 5}, "I would be COMFORTABLE with R saying the response": {"question_id": 59537173102334018681810068673809507364, "ans": 5}, "The response R gave would be POSSIBLE for a HUMAN to truthfully say": {"question_id": 99133116906353375056869877553262526657, "ans": 5}, "The response R gave would be POSSIBLE for R to truthfully say": {"question_id": 197853699261615066542994802322784981673, "ans": 5}}, "Conversation Survey 3": {"I would be COMFORTABLE with a HUMAN saying the response": {"question_id": 219803398184227406496083628952954706026, "ans": 5}, "I would be COMFORTABLE with R saying the response": {"question_id": 129628639769946710831184625047136389004, "ans": 4}, "The response R gave would be POSSIBLE for a HUMAN to truthfully say": {"question_id": 259169951716477277424053798036331005967, "ans": 5}, "The response R gave would be POSSIBLE for R to truthfully say": {"question_id": 24882067998839698093117540723578004820, "ans": 5}}, "Conversation Survey 4": {"I would be COMFORTABLE with a HUMAN saying the response": {"question_id": 148720824363107194876767779878372083340, "ans": 3}, "I would be COMFORTABLE with R saying the response": {"question_id": 167714862087299884028895960504505783083, "ans": 5}, "The response R gave would be POSSIBLE for a HUMAN to truthfully say": {"question_id": 138154337459924812727574131521125319579, "ans": 5}, "The response R gave would be POSSIBLE for R to truthfully say": {"question_id": 281780579147297295819186849300704448889, "ans": 1}}, "Conversation Survey 5": {"I would be COMFORTABLE with a HUMAN saying the response": {"question_id": 117073510650490686090556994562955442495, "ans": 5}, "I would be COMFORTABLE with R saying the response": {"question_id": 338414586832461496830928948031040434058, "ans": 5}, "The response R gave would be POSSIBLE for a HUMAN to truthfully say": {"question_id": 308819176596500965032673090253911238369, "ans": 5}, "The response R gave would be POSSIBLE for R to truthfully say": {"question_id": 295818805102898489629446310589994879344, "ans": 1}}, "Conversation Survey 6": {"I would be COMFORTABLE with a HUMAN saying the response": {"question_id": 200788249828505207186852371718541004288, "ans": 5}, "I would be COMFORTABLE with R saying the response": {"question_id": 45919009083092228280543540503613154819, "ans": 3}, "The response R gave would be POSSIBLE for a HUMAN to truthfully say": {"question_id": 319998767324574494655977371528754435970, "ans": 5}, "The response R gave would be POSSIBLE for R to truthfully say": {"question_id": 208641750224053375923127029766620574522, "ans": 3}}, "Conversation Survey 7": {"I would be COMFORTABLE with a HUMAN saying the response": {"question_id": 79005123772123961942448704704258197514, "ans": 5}, "I would be COMFORTABLE with R saying the response": {"question_id": 301670403121712901817105942903422471111, "ans": 5}, "The response R gave would be POSSIBLE for a HUMAN to truthfully say": {"question_id": 16119215184166966147604421886342685085, "ans": 5}, "The response R gave would be POSSIBLE for R to truthfully say": {"question_id": 2318106934469939537265820053465099077, "ans": 5}}, "Conversation Survey 8": {"I would be COMFORTABLE with a HUMAN saying the response": {"question_id": 190410349992458548430603674620157855762, "ans": 5}, "I would be COMFORTABLE with R saying the response": {"question_id": 437223078776054792964497330207734010, "ans": 5}, "The response R gave would be POSSIBLE for a HUMAN to truthfully say": {"question_id": 115919122022794479313919676937801655775, "ans": 5}, "The response R gave would be POSSIBLE for R to truthfully say": {"question_id": 285557679986749979518748167777976937313, "ans": 5}}, "Conversation Survey 9": {"I would be COMFORTABLE with a HUMAN saying the response": {"question_id": 337377114595799281226543815528013256290, "ans": 5}, "I would be COMFORTABLE with R saying the response": {"question_id": 68834260700879499925606685933395400607, "ans": 5}, "The response R gave would be POSSIBLE for a HUMAN to truthfully say": {"question_id": 75407274827361358049268910848119873925, "ans": 5}, "The response R gave would be POSSIBLE for R to truthfully say": {"question_id": 238108627212815574001058446774254982256, "ans": 5}}, "Demographic Questions": {"Age": {"question_id": 9438702690822455817, "ans": "50 or older"}, "Gender": {"question_id": 1640457057705936196, "ans": "Male"}, "Highest Education Level Completed": {"question_id": 14992903291918516571, "ans": "Highschool or GED"}, "How often do you use voice assistants (such as Apple Siri, Amazon Alexa, or Google Assistant": {"question_id": 4384453749404882011, "ans": "Once a day"}}, "mturk": {"assignment_id": "33LK57MYLT55DHWLW3SDRU4D4C2SZ1", "end_point": "https://www.mturk.com/mturk/externalSubmit"}, "task_id": "145b1574-9214-4f0a-ae04-86b1da793193"}, {"complete": true, "Conversation Survey 1": {"The response R gave would be POSSIBLE for a HUMAN to truthfully say": {"question_id": 289055154219625000794950180542518564506, "ans": 4}, "The response R gave would be POSSIBLE for R to truthfully say": {"question_id": 316552346001026764235207374308729785803, "ans": 5}, "I would be COMFORTABLE with a HUMAN saying the response": {"question_id": 205265962198408610616539031474651351448, "ans": 5}, "I would be COMFORTABLE with R saying the response": {"question_id": 53145940431431535119469448174244248802, "ans": 5}}, "Conversation Survey 10": {"The response R gave would be POSSIBLE for a HUMAN to truthfully say": {"question_id": 177588863615658286706661676951865609863, "ans": 5}, "The response R gave would be POSSIBLE for R to truthfully say": {"question_id": 206376669909961925601591900837564507582, "ans": 5}, "I would be COMFORTABLE with a HUMAN saying the response": {"question_id": 249169412899985469305733713708923885612, "ans": 5}, "I would be COMFORTABLE with R saying the response": {"question_id": 256170017285364214875547837344108863755, "ans": 5}}, "Conversation Survey 11": {"The response R gave would be POSSIBLE for a HUMAN to truthfully say": {"question_id": 79420615296740614104808309363958755342, "ans": 5}, "The response R gave would be POSSIBLE for R to truthfully say": {"question_id": 59859975881699045852901777249937916408, "ans": 5}, "I would be COMFORTABLE with a HUMAN saying the response": {"question_id": 146900501270887219369978771335145874454, "ans": 5}, "I would be COMFORTABLE with R saying the response": {"question_id": 191333410895004861867172542315545967063, "ans": 5}}, "Conversation Survey 12": {"The response R gave would be POSSIBLE for a HUMAN to truthfully say": {"question_id": 155773474066638616686069599977426894985, "ans": 5}, "The response R gave would be POSSIBLE for R to truthfully say": {"question_id": 127095429190480084150112467674566426010, "ans": 5}, "I would be COMFORTABLE with a HUMAN saying the response": {"question_id": 59405916839753239452461814808819696038, "ans": 5}, "I would be COMFORTABLE with R saying the response": {"question_id": 99727040020965158656479564257375077824, "ans": 5}}, "Conversation Survey 13": {"The response R gave would be POSSIBLE for a HUMAN to truthfully say": {"question_id": 107054463239901470578200354708753497180, "ans": 5}, "The response R gave would be POSSIBLE for R to truthfully say": {"question_id": 53009851724831492584741486185693174431, "ans": 5}, "I would be COMFORTABLE with a HUMAN saying the response": {"question_id": 120457043411857929415438555202656906659, "ans": 5}, "I would be COMFORTABLE with R saying the response": {"question_id": 229240134672641684228937851730778495970, "ans": 5}}, "Conversation Survey 14": {"The response R gave would be POSSIBLE for a HUMAN to truthfully say": {"question_id": 301452031395521841354716233669622608203, "ans": 2}, "The response R gave would be POSSIBLE for R to truthfully say": {"question_id": 67470208020682445020197906290868721617, "ans": 4}, "I would be COMFORTABLE with a HUMAN saying the response": {"question_id": 134287906350708059720064067061602821716, "ans": 4}, "I would be COMFORTABLE with R saying the response": {"question_id": 9879980961500556546002975333843322781, "ans": 4}}, "Conversation Survey 15": {"The response R gave would be POSSIBLE for a HUMAN to truthfully say": {"question_id": 292581983205387738033311276267723417987, "ans": 4}, "The response R gave would be POSSIBLE for R to truthfully say": {"question_id": 228559082973685304860055757534897511222, "ans": 4}, "I would be COMFORTABLE with a HUMAN saying the response": {"question_id": 192283834363920023785617869687616405865, "ans": 5}, "I would be COMFORTABLE with R saying the response": {"question_id": 198057429557829157342917475669649923496, "ans": 5}}, "Conversation Survey 2": {"The response R gave would be POSSIBLE for a HUMAN to truthfully say": {"question_id": 184274693678486853648048448671207938709, "ans": 5}, "The response R gave would be POSSIBLE for R to truthfully say": {"question_id": 321218934840598426122307742555376688314, "ans": 5}, "I would be COMFORTABLE with a HUMAN saying the response": {"question_id": 270431891034765916812291116714178970602, "ans": 5}, "I would be COMFORTABLE with R saying the response": {"question_id": 96397730481188654245012602046889177395, "ans": 5}}, "Conversation Survey 3": {"The response R gave would be POSSIBLE for a HUMAN to truthfully say": {"question_id": 137662388650974798385056924463458619213, "ans": 4}, "The response R gave would be POSSIBLE for R to truthfully say": {"question_id": 111633027753715235166591532041821245631, "ans": 5}, "I would be COMFORTABLE with a HUMAN saying the response": {"question_id": 244260162815639902234806696566025521256, "ans": 4}, "I would be COMFORTABLE with R saying the response": {"question_id": 275504834339123108848246638529559950321, "ans": 5}}, "Conversation Survey 4": {"The response R gave would be POSSIBLE for a HUMAN to truthfully say": {"question_id": 64122958124647728117418928470377657432, "ans": 2}, "The response R gave would be POSSIBLE for R to truthfully say": {"question_id": 37468579258801721165758809428415102591, "ans": 2}, "I would be COMFORTABLE with a HUMAN saying the response": {"question_id": 188202390550753312004552153382861800934, "ans": 3}, "I would be COMFORTABLE with R saying the response": {"question_id": 167034891169171140928217748393183613069, "ans": 4}}, "Conversation Survey 5": {"The response R gave would be POSSIBLE for a HUMAN to truthfully say": {"question_id": 73493341147466840324121272852854480032, "ans": 5}, "The response R gave would be POSSIBLE for R to truthfully say": {"question_id": 184731329189567327365007097307141859196, "ans": 5}, "I would be COMFORTABLE with a HUMAN saying the response": {"question_id": 88692577144467525623102945567015268227, "ans": 5}, "I would be COMFORTABLE with R saying the response": {"question_id": 57362097550526784250998788424121365002, "ans": 5}}, "Conversation Survey 6": {"The response R gave would be POSSIBLE for a HUMAN to truthfully say": {"question_id": 278670676456235281774746142648659236002, "ans": 4}, "The response R gave would be POSSIBLE for R to truthfully say": {"question_id": 192395414763715856789751740988347645195, "ans": 5}, "I would be COMFORTABLE with a HUMAN saying the response": {"question_id": 290484350864578017576907194955738683006, "ans": 4}, "I would be COMFORTABLE with R saying the response": {"question_id": 126723611590001354205888785178640790024, "ans": 5}}, "Conversation Survey 7": {"The response R gave would be POSSIBLE for a HUMAN to truthfully say": {"question_id": 83527639742510306902225008157472431141, "ans": 5}, "The response R gave would be POSSIBLE for R to truthfully say": {"question_id": 242842389726565204533741465243618059411, "ans": 5}, "I would be COMFORTABLE with a HUMAN saying the response": {"question_id": 263386538142527532296915562273634803384, "ans": 5}, "I would be COMFORTABLE with R saying the response": {"question_id": 240702623653611570215738269625494984988, "ans": 5}}, "Conversation Survey 8": {"The response R gave would be POSSIBLE for a HUMAN to truthfully say": {"question_id": 87063940632818524508078228464176953817, "ans": 1}, "The response R gave would be POSSIBLE for R to truthfully say": {"question_id": 229893634763203017604023571297244554953, "ans": 1}, "I would be COMFORTABLE with a HUMAN saying the response": {"question_id": 54711992707679720731482244379282696203, "ans": 2}, "I would be COMFORTABLE with R saying the response": {"question_id": 191914077309765899132306026957603847569, "ans": 2}}, "Conversation Survey 9": {"The response R gave would be POSSIBLE for a HUMAN to truthfully say": {"question_id": 113827805675440994084108052711818412444, "ans": 5}, "The response R gave would be POSSIBLE for R to truthfully say": {"question_id": 32937064911843184091234570518801655740, "ans": 5}, "I would be COMFORTABLE with a HUMAN saying the response": {"question_id": 106474861332227054461799941463058393910, "ans": 5}, "I would be COMFORTABLE with R saying the response": {"question_id": 47498302593635233481249750305963227482, "ans": 5}}, "Demographic Questions": {"Age": {"question_id": 9438702690822455817, "ans": "50 or older"}, "Gender": {"question_id": 1640457057705936196, "ans": "Male"}, "Highest Education Level Completed": {"question_id": 14992903291918516571, "ans": "College"}, "How often do you use voice assistants (such as Apple Siri, Amazon Alexa, or Google Assistant": {"question_id": 4384453749404882011, "ans": "Once a month"}}, "mturk": {"assignment_id": "317HQ483I7SM2EF6O3N5S5RHL0SNIN", "end_point": "https://www.mturk.com/mturk/externalSubmit"}, "task_id": "8513a5d3-19c6-4d45-ba83-24f940a97452"}, {"complete": true, "Conversation Survey 1": {"The response R gave would be POSSIBLE for R to truthfully say": {"question_id": 188655118554603886364999378850214048650, "ans": 5}, "The response R gave would be POSSIBLE for a HUMAN to truthfully say": {"question_id": 302579291131670725603777109563262580482, "ans": 4}, "I would be COMFORTABLE with R saying the response": {"question_id": 10507156593360175391444348052144129344, "ans": 5}, "I would be COMFORTABLE with a HUMAN saying the response": {"question_id": 201327792851151188169241175574434438448, "ans": 5}}, "Conversation Survey 10": {"The response R gave would be POSSIBLE for R to truthfully say": {"question_id": 82208476660599840007947997923966874507, "ans": 4}, "The response R gave would be POSSIBLE for a HUMAN to truthfully say": {"question_id": 223349709736928268616914805138578567011, "ans": 5}, "I would be COMFORTABLE with R saying the response": {"question_id": 7731553018410855021266172176756915781, "ans": 4}, "I would be COMFORTABLE with a HUMAN saying the response": {"question_id": 164023034990878183617874527352848110356, "ans": 4}}, "Conversation Survey 11": {"The response R gave would be POSSIBLE for R to truthfully say": {"question_id": 149463778209287494127923783065957331951, "ans": 5}, "The response R gave would be POSSIBLE for a HUMAN to truthfully say": {"question_id": 310866718595872214695040910779236046365, "ans": 4}, "I would be COMFORTABLE with R saying the response": {"question_id": 152454944913404842569747772368824905590, "ans": 4}, "I would be COMFORTABLE with a HUMAN saying the response": {"question_id": 205226207956331419649191010855305744966, "ans": 5}}, "Conversation Survey 12": {"The response R gave would be POSSIBLE for R to truthfully say": {"question_id": 147093033387525461247537628611720469193, "ans": 5}, "The response R gave would be POSSIBLE for a HUMAN to truthfully say": {"question_id": 281044708765718449556952737832372314962, "ans": 4}, "I would be COMFORTABLE with R saying the response": {"question_id": 201288212048246504482573199608602258519, "ans": 4}, "I would be COMFORTABLE with a HUMAN saying the response": {"question_id": 303958700511113650120223610676543016409, "ans": 5}}, "Conversation Survey 13": {"The response R gave would be POSSIBLE for R to truthfully say": {"question_id": 153346962655216525705435736580660669951, "ans": 5}, "The response R gave would be POSSIBLE for a HUMAN to truthfully say": {"question_id": 293823700778182242959125508793699870742, "ans": 5}, "I would be COMFORTABLE with R saying the response": {"question_id": 191029963818974786108703090189194322961, "ans": 4}, "I would be COMFORTABLE with a HUMAN saying the response": {"question_id": 37970300624618177409150023134522927577, "ans": 5}}, "Conversation Survey 14": {"The response R gave would be POSSIBLE for R to truthfully say": {"question_id": 103593627026017761987420473957858432959, "ans": 5}, "The response R gave would be POSSIBLE for a HUMAN to truthfully say": {"question_id": 182325102072304667532299359132635950817, "ans": 4}, "I would be COMFORTABLE with R saying the response": {"question_id": 236453300688526152087442713404510374650, "ans": 5}, "I would be COMFORTABLE with a HUMAN saying the response": {"question_id": 31852282890114589030011634962242247384, "ans": 4}}, "Conversation Survey 15": {"The response R gave would be POSSIBLE for R to truthfully say": {"question_id": 112791848234869228885717245376504721296, "ans": 4}, "The response R gave would be POSSIBLE for a HUMAN to truthfully say": {"question_id": 67280819622300481742985278713731735380, "ans": 5}, "I would be COMFORTABLE with R saying the response": {"question_id": 204396097673391308533603602253370715950, "ans": 5}, "I would be COMFORTABLE with a HUMAN saying the response": {"question_id": 3324078643301144828988489025801143586, "ans": 5}}, "Conversation Survey 2": {"The response R gave would be POSSIBLE for R to truthfully say": {"question_id": 71251213183600834829258593484743501861, "ans": 4}, "The response R gave would be POSSIBLE for a HUMAN to truthfully say": {"question_id": 27579783151878200223171502679953658329, "ans": 5}, "I would be COMFORTABLE with R saying the response": {"question_id": 39456435223863533822136126465821315435, "ans": 4}, "I would be COMFORTABLE with a HUMAN saying the response": {"question_id": 242137154321675181343744386373163092629, "ans": 5}}, "Conversation Survey 3": {"The response R gave would be POSSIBLE for R to truthfully say": {"question_id": 336508726879051447877819119876836245284, "ans": 5}, "The response R gave would be POSSIBLE for a HUMAN to truthfully say": {"question_id": 27968570413012669542900841145962639459, "ans": 4}, "I would be COMFORTABLE with R saying the response": {"question_id": 39724785698981480656635221650471007043, "ans": 4}, "I would be COMFORTABLE with a HUMAN saying the response": {"question_id": 163050838913423015216146685841824488109, "ans": 5}}, "Conversation Survey 4": {"The response R gave would be POSSIBLE for R to truthfully say": {"question_id": 49044125352926602206813788512479207807, "ans": 5}, "The response R gave would be POSSIBLE for a HUMAN to truthfully say": {"question_id": 2174484017247198579641556928140222002, "ans": 4}, "I would be COMFORTABLE with R saying the response": {"question_id": 183214059460240140704409714836551248849, "ans": 5}, "I would be COMFORTABLE with a HUMAN saying the response": {"question_id": 7188932095075053056322518469577809387, "ans": 4}}, "Conversation Survey 5": {"The response R gave would be POSSIBLE for R to truthfully say": {"question_id": 132633873823446302902452581378801429374, "ans": 4}, "The response R gave would be POSSIBLE for a HUMAN to truthfully say": {"question_id": 259607162646247232058376394511089973736, "ans": 5}, "I would be COMFORTABLE with R saying the response": {"question_id": 144359128081084326329178602673517264414, "ans": 4}, "I would be COMFORTABLE with a HUMAN saying the response": {"question_id": 292991750798405701082912431535095701930, "ans": 5}}, "Conversation Survey 6": {"The response R gave would be POSSIBLE for R to truthfully say": {"question_id": 108817789117449795571412580802889169376, "ans": 5}, "The response R gave would be POSSIBLE for a HUMAN to truthfully say": {"question_id": 314915735890040619305973279928941037673, "ans": 4}, "I would be COMFORTABLE with R saying the response": {"question_id": 179111282181912133794334127975607498459, "ans": 5}, "I would be COMFORTABLE with a HUMAN saying the response": {"question_id": 76127669141856765229205468420015526544, "ans": 4}}, "Conversation Survey 7": {"The response R gave would be POSSIBLE for R to truthfully say": {"question_id": 202234946859660843460195927151298194832, "ans": 5}, "The response R gave would be POSSIBLE for a HUMAN to truthfully say": {"question_id": 106656030389831660163072099562930224826, "ans": 4}, "I would be COMFORTABLE with R saying the response": {"question_id": 231022750037011671023751337539153294407, "ans": 4}, "I would be COMFORTABLE with a HUMAN saying the response": {"question_id": 109400134287377330963850721613058693478, "ans": 4}}, "Conversation Survey 8": {"The response R gave would be POSSIBLE for R to truthfully say": {"question_id": 5934689867294924852508308855912716968, "ans": 5}, "The response R gave would be POSSIBLE for a HUMAN to truthfully say": {"question_id": 118032161811251732134883258293843078543, "ans": 5}, "I would be COMFORTABLE with R saying the response": {"question_id": 162542731776888711708720101985244231703, "ans": 4}, "I would be COMFORTABLE with a HUMAN saying the response": {"question_id": 48491032912367595388132092653563661781, "ans": 5}}, "Conversation Survey 9": {"The response R gave would be POSSIBLE for R to truthfully say": {"question_id": 122839317242476314724141614050766360085, "ans": 4}, "The response R gave would be POSSIBLE for a HUMAN to truthfully say": {"question_id": 11969808318559383444231790739944796909, "ans": 5}, "I would be COMFORTABLE with R saying the response": {"question_id": 109954109495499882448200517227848434289, "ans": 4}, "I would be COMFORTABLE with a HUMAN saying the response": {"question_id": 102705175268968327636729533214346832524, "ans": 4}}, "Demographic Questions": {"Age": {"question_id": 9438702690822455817, "ans": "50 or older"}, "Gender": {"question_id": 1640457057705936196, "ans": "Female"}, "Highest Education Level Completed": {"question_id": 14992903291918516571, "ans": "College"}, "How often do you use voice assistants (such as Apple Siri, Amazon Alexa, or Google Assistant": {"question_id": 4384453749404882011, "ans": "Once a week"}}, "mturk": {"assignment_id": "3TEM0PF1Q5X2977DVJKWQWFRL2A0DO", "end_point": "https://www.mturk.com/mturk/externalSubmit"}, "task_id": "3a7af9ef-3b79-4a81-be1d-eb4da60b4b34"}, {"complete": true, "Conversation Survey 1": {"I would be COMFORTABLE with a HUMAN saying the response": {"question_id": 329709549650538447161981483767449751436, "ans": 4}, "I would be COMFORTABLE with R saying the response": {"question_id": 272579236854586002325972015752715707628, "ans": 3}, "The response R gave would be POSSIBLE for a HUMAN to truthfully say": {"question_id": 269687195883996109388155937727815140054, "ans": 5}, "The response R gave would be POSSIBLE for R to truthfully say": {"question_id": 338449827326330238081071373774652957845, "ans": 4}}, "Conversation Survey 10": {"I would be COMFORTABLE with a HUMAN saying the response": {"question_id": 293592444936405897315012971952319849030, "ans": 5}, "I would be COMFORTABLE with R saying the response": {"question_id": 38543543565277204745087370341739367879, "ans": 3}, "The response R gave would be POSSIBLE for a HUMAN to truthfully say": {"question_id": 3503051442786936958551905595268262190, "ans": 2}, "The response R gave would be POSSIBLE for R to truthfully say": {"question_id": 213809362477420803373197537057633265784, "ans": 2}}, "Conversation Survey 11": {"I would be COMFORTABLE with a HUMAN saying the response": {"question_id": 31785048827330656768355958876561709321, "ans": 3}, "I would be COMFORTABLE with R saying the response": {"question_id": 322289768414431951066083091812892378255, "ans": 5}, "The response R gave would be POSSIBLE for a HUMAN to truthfully say": {"question_id": 34839837517751099246288119869177110086, "ans": 5}, "The response R gave would be POSSIBLE for R to truthfully say": {"question_id": 35113453848008664179290180020723863177, "ans": 4}}, "Conversation Survey 12": {"I would be COMFORTABLE with a HUMAN saying the response": {"question_id": 99309519080986870113062997321835691275, "ans": 5}, "I would be COMFORTABLE with R saying the response": {"question_id": 322531452908406008355951736062426064873, "ans": 2}, "The response R gave would be POSSIBLE for a HUMAN to truthfully say": {"question_id": 122397752162568772760078850408086231006, "ans": 1}, "The response R gave would be POSSIBLE for R to truthfully say": {"question_id": 252419204840132854402447916432404997601, "ans": 2}}, "Conversation Survey 13": {"I would be COMFORTABLE with a HUMAN saying the response": {"question_id": 266415373276840295058426178004958617025, "ans": 4}, "I would be COMFORTABLE with R saying the response": {"question_id": 44914164095487149598454538562491308199, "ans": 5}, "The response R gave would be POSSIBLE for a HUMAN to truthfully say": {"question_id": 161295827250860659165528884729311894706, "ans": 4}, "The response R gave would be POSSIBLE for R to truthfully say": {"question_id": 173024455419777120862381854860163859545, "ans": 5}}, "Conversation Survey 14": {"I would be COMFORTABLE with a HUMAN saying the response": {"question_id": 237562261465782218150523845183218164388, "ans": 5}, "I would be COMFORTABLE with R saying the response": {"question_id": 165876256509651033848499433389268185955, "ans": 3}, "The response R gave would be POSSIBLE for a HUMAN to truthfully say": {"question_id": 181341718691575524862802704283067374196, "ans": 4}, "The response R gave would be POSSIBLE for R to truthfully say": {"question_id": 317492928852061778149547057911900353040, "ans": 2}}, "Conversation Survey 15": {"I would be COMFORTABLE with a HUMAN saying the response": {"question_id": 79601457312632792414147116812694395428, "ans": 4}, "I would be COMFORTABLE with R saying the response": {"question_id": 228818632887876817886162380859329894972, "ans": 5}, "The response R gave would be POSSIBLE for a HUMAN to truthfully say": {"question_id": 110652434301357179944109293768905176277, "ans": 4}, "The response R gave would be POSSIBLE for R to truthfully say": {"question_id": 179662199865992630843017064098437276542, "ans": 4}}, "Conversation Survey 2": {"I would be COMFORTABLE with a HUMAN saying the response": {"question_id": 53641623769633253443250598755316325915, "ans": 3}, "I would be COMFORTABLE with R saying the response": {"question_id": 133364987339640085018726419973334518720, "ans": 5}, "The response R gave would be POSSIBLE for a HUMAN to truthfully say": {"question_id": 125382427524690765039796304101083992931, "ans": 5}, "The response R gave would be POSSIBLE for R to truthfully say": {"question_id": 191796780919006069032167040389473053846, "ans": 5}}, "Conversation Survey 3": {"I would be COMFORTABLE with a HUMAN saying the response": {"question_id": 230777340826364801721486475297633361589, "ans": 5}, "I would be COMFORTABLE with R saying the response": {"question_id": 101585789179847859308759135086976193248, "ans": 1}, "The response R gave would be POSSIBLE for a HUMAN to truthfully say": {"question_id": 302647928818136489885359029344207321168, "ans": 2}, "The response R gave would be POSSIBLE for R to truthfully say": {"question_id": 245585841490213171830508502425442211951, "ans": 3}}, "Conversation Survey 4": {"I would be COMFORTABLE with a HUMAN saying the response": {"question_id": 84691180452201824424354846556663067758, "ans": 4}, "I would be COMFORTABLE with R saying the response": {"question_id": 9962476666499439311402062101153525938, "ans": 2}, "The response R gave would be POSSIBLE for a HUMAN to truthfully say": {"question_id": 222478437837369836343962846717744116804, "ans": 2}, "The response R gave would be POSSIBLE for R to truthfully say": {"question_id": 7283743628621406584901958152755140427, "ans": 3}}, "Conversation Survey 5": {"I would be COMFORTABLE with a HUMAN saying the response": {"question_id": 148439302892780143569303017889004656756, "ans": 3}, "I would be COMFORTABLE with R saying the response": {"question_id": 157902800954604182151028699345410635426, "ans": 5}, "The response R gave would be POSSIBLE for a HUMAN to truthfully say": {"question_id": 292034798104960821225031299827371570245, "ans": 5}, "The response R gave would be POSSIBLE for R to truthfully say": {"question_id": 111365618325544112044191865225393284814, "ans": 5}}, "Conversation Survey 6": {"I would be COMFORTABLE with a HUMAN saying the response": {"question_id": 270673159417117145423834286731863398715, "ans": 5}, "I would be COMFORTABLE with R saying the response": {"question_id": 94772027316996336317448850763203079606, "ans": 1}, "The response R gave would be POSSIBLE for a HUMAN to truthfully say": {"question_id": 275758686145710902755568298891637927367, "ans": 2}, "The response R gave would be POSSIBLE for R to truthfully say": {"question_id": 111474178227304669600214918377382408801, "ans": 2}}, "Conversation Survey 7": {"I would be COMFORTABLE with a HUMAN saying the response": {"question_id": 299822223268018647745745873856463064005, "ans": 5}, "I would be COMFORTABLE with R saying the response": {"question_id": 286395776569833932306444269230271566795, "ans": 4}, "The response R gave would be POSSIBLE for a HUMAN to truthfully say": {"question_id": 119566940351960800156551424356210649571, "ans": 4}, "The response R gave would be POSSIBLE for R to truthfully say": {"question_id": 331783659464506084360060808190176766198, "ans": 4}}, "Conversation Survey 8": {"I would be COMFORTABLE with a HUMAN saying the response": {"question_id": 134839177840288229280830059397113672822, "ans": 4}, "I would be COMFORTABLE with R saying the response": {"question_id": 329015860033555024316782172749138038321, "ans": 4}, "The response R gave would be POSSIBLE for a HUMAN to truthfully say": {"question_id": 171179547777395482856235344031900177147, "ans": 3}, "The response R gave would be POSSIBLE for R to truthfully say": {"question_id": 138529943193093569312339181264670627915, "ans": 4}}, "Conversation Survey 9": {"I would be COMFORTABLE with a HUMAN saying the response": {"question_id": 53196156441746132535737832407065645871, "ans": 3}, "I would be COMFORTABLE with R saying the response": {"question_id": 182187273590284163944820026723879826371, "ans": 5}, "The response R gave would be POSSIBLE for a HUMAN to truthfully say": {"question_id": 219260614765651833155446104139873593229, "ans": 5}, "The response R gave would be POSSIBLE for R to truthfully say": {"question_id": 62003150927923118230841140962126787252, "ans": 4}}, "Demographic Questions": {"Age": {"question_id": 9438702690822455817, "ans": "30-49"}, "Gender": {"question_id": 1640457057705936196, "ans": "Male"}, "Highest Education Level Completed": {"question_id": 14992903291918516571, "ans": "Graduate or Professional Degree"}, "How often do you use voice assistants (such as Apple Siri, Amazon Alexa, or Google Assistant": {"question_id": 4384453749404882011, "ans": "Once a day"}}, "mturk": {"assignment_id": "3QECW5O0KH18L3PBEFQNCVT45W95TX", "end_point": "https://www.mturk.com/mturk/externalSubmit"}, "task_id": "5426f155-2975-4779-bc25-3852f25b3e0d"}, {"complete": true, "Conversation Survey 1": {"I would be COMFORTABLE with R saying the response": {"question_id": 189039559797843969058452720545803659724, "ans": 2}, "I would be COMFORTABLE with a HUMAN saying the response": {"question_id": 147423782565435514123251284161154090542, "ans": 4}, "The response R gave would be POSSIBLE for R to truthfully say": {"question_id": 334112177690087080445175650484064893839, "ans": 3}, "The response R gave would be POSSIBLE for a HUMAN to truthfully say": {"question_id": 71214330147431889742692231250182980815, "ans": 4}}, "Conversation Survey 10": {"I would be COMFORTABLE with R saying the response": {"question_id": 215436220812503893216926368280337054580, "ans": 2}, "I would be COMFORTABLE with a HUMAN saying the response": {"question_id": 162096380620022954470100657352424818354, "ans": 3}, "The response R gave would be POSSIBLE for R to truthfully say": {"question_id": 11838935922087396045596225226758039112, "ans": 1}, "The response R gave would be POSSIBLE for a HUMAN to truthfully say": {"question_id": 307570698788301850387054060425469141086, "ans": 1}}, "Conversation Survey 11": {"I would be COMFORTABLE with R saying the response": {"question_id": 161404409426047072289097907121033215677, "ans": 5}, "I would be COMFORTABLE with a HUMAN saying the response": {"question_id": 146154762727568210400687428606741646909, "ans": 4}, "The response R gave would be POSSIBLE for R to truthfully say": {"question_id": 21894325882362552245270351494367337021, "ans": 4}, "The response R gave would be POSSIBLE for a HUMAN to truthfully say": {"question_id": 137774828816838836427276435619042256513, "ans": 5}}, "Conversation Survey 12": {"I would be COMFORTABLE with R saying the response": {"question_id": 36032439977474149956247003137464651128, "ans": 4}, "I would be COMFORTABLE with a HUMAN saying the response": {"question_id": 164356020257604701736697031525422666721, "ans": 5}, "The response R gave would be POSSIBLE for R to truthfully say": {"question_id": 291468474863216667688582526410822422839, "ans": 5}, "The response R gave would be POSSIBLE for a HUMAN to truthfully say": {"question_id": 46962957593238981930970418223015455201, "ans": 5}}, "Conversation Survey 13": {"I would be COMFORTABLE with R saying the response": {"question_id": 275019370522480239657693748511892967456, "ans": 4}, "I would be COMFORTABLE with a HUMAN saying the response": {"question_id": 65693787232101829165468241512762836427, "ans": 3}, "The response R gave would be POSSIBLE for R to truthfully say": {"question_id": 309808027676405304125371577238321780310, "ans": 5}, "The response R gave would be POSSIBLE for a HUMAN to truthfully say": {"question_id": 24822624799256876536940430224677152387, "ans": 4}}, "Conversation Survey 14": {"I would be COMFORTABLE with R saying the response": {"question_id": 82714674595109781110094074760586261927, "ans": 4}, "I would be COMFORTABLE with a HUMAN saying the response": {"question_id": 243063369750765491671174659432467825649, "ans": 3}, "The response R gave would be POSSIBLE for R to truthfully say": {"question_id": 110318438115532262919023091095147035457, "ans": 4}, "The response R gave would be POSSIBLE for a HUMAN to truthfully say": {"question_id": 160141399589417207440989684286471516714, "ans": 2}}, "Conversation Survey 15": {"I would be COMFORTABLE with R saying the response": {"question_id": 73622587691406057731968159133690355733, "ans": 3}, "I would be COMFORTABLE with a HUMAN saying the response": {"question_id": 134060082643452143540812208193384893958, "ans": 2}, "The response R gave would be POSSIBLE for R to truthfully say": {"question_id": 185856152932071716047771855392481793368, "ans": 1}, "The response R gave would be POSSIBLE for a HUMAN to truthfully say": {"question_id": 82599621481773114558629578925077722797, "ans": 2}}, "Conversation Survey 2": {"I would be COMFORTABLE with R saying the response": {"question_id": 310594664595270827618764301994398192679, "ans": 4}, "I would be COMFORTABLE with a HUMAN saying the response": {"question_id": 212199412676843724199932617428791137686, "ans": 5}, "The response R gave would be POSSIBLE for R to truthfully say": {"question_id": 92077859499987533146121240434091194587, "ans": 3}, "The response R gave would be POSSIBLE for a HUMAN to truthfully say": {"question_id": 234846596752208015498557959724321998408, "ans": 4}}, "Conversation Survey 3": {"I would be COMFORTABLE with R saying the response": {"question_id": 312552848277125612666478354123498524728, "ans": 2}, "I would be COMFORTABLE with a HUMAN saying the response": {"question_id": 136069270480505646359273301641700921987, "ans": 4}, "The response R gave would be POSSIBLE for R to truthfully say": {"question_id": 144591710520058754184109226269581597628, "ans": 3}, "The response R gave would be POSSIBLE for a HUMAN to truthfully say": {"question_id": 39868138313114957516176552127220449038, "ans": 4}}, "Conversation Survey 4": {"I would be COMFORTABLE with R saying the response": {"question_id": 135780870344961278539334620770229211204, "ans": 3}, "I would be COMFORTABLE with a HUMAN saying the response": {"question_id": 62521931962428438486088871267836215797, "ans": 2}, "The response R gave would be POSSIBLE for R to truthfully say": {"question_id": 266289883106854809615451721056221650547, "ans": 4}, "The response R gave would be POSSIBLE for a HUMAN to truthfully say": {"question_id": 4953479497744672932451800873155434846, "ans": 3}}, "Conversation Survey 5": {"I would be COMFORTABLE with R saying the response": {"question_id": 222777216871390229131421795299909934356, "ans": 5}, "I would be COMFORTABLE with a HUMAN saying the response": {"question_id": 17004741635976820150743692731420613643, "ans": 3}, "The response R gave would be POSSIBLE for R to truthfully say": {"question_id": 168554020730873040180794277277904109463, "ans": 5}, "The response R gave would be POSSIBLE for a HUMAN to truthfully say": {"question_id": 171987726672866326573973176956762121448, "ans": 4}}, "Conversation Survey 6": {"I would be COMFORTABLE with R saying the response": {"question_id": 110843273112937585055922252915976490398, "ans": 4}, "I would be COMFORTABLE with a HUMAN saying the response": {"question_id": 123664805194380240920665266585659670729, "ans": 3}, "The response R gave would be POSSIBLE for R to truthfully say": {"question_id": 6844924751764877735678766226604434526, "ans": 4}, "The response R gave would be POSSIBLE for a HUMAN to truthfully say": {"question_id": 148534539386400133937564941373897570642, "ans": 3}}, "Conversation Survey 7": {"I would be COMFORTABLE with R saying the response": {"question_id": 113212688645136569000953117536643085076, "ans": 4}, "I would be COMFORTABLE with a HUMAN saying the response": {"question_id": 226973345600532179991394941023557907202, "ans": 3}, "The response R gave would be POSSIBLE for R to truthfully say": {"question_id": 98513149389855093755857048429135737786, "ans": 5}, "The response R gave would be POSSIBLE for a HUMAN to truthfully say": {"question_id": 173443818016117927473951788975204824237, "ans": 4}}, "Conversation Survey 8": {"I would be COMFORTABLE with R saying the response": {"question_id": 166422144788708157340372499992584900093, "ans": 4}, "I would be COMFORTABLE with a HUMAN saying the response": {"question_id": 299008245696786742908528775198738623449, "ans": 5}, "The response R gave would be POSSIBLE for R to truthfully say": {"question_id": 170843553879986331130176851550901530475, "ans": 5}, "The response R gave would be POSSIBLE for a HUMAN to truthfully say": {"question_id": 212177578869641336942865123895869049685, "ans": 4}}, "Conversation Survey 9": {"I would be COMFORTABLE with R saying the response": {"question_id": 249915047312187691761628259035778701028, "ans": 3}, "I would be COMFORTABLE with a HUMAN saying the response": {"question_id": 68038602969607641358299584367297047904, "ans": 2}, "The response R gave would be POSSIBLE for R to truthfully say": {"question_id": 247696196485535430980392200969591144350, "ans": 2}, "The response R gave would be POSSIBLE for a HUMAN to truthfully say": {"question_id": 261853300430091785974221838657394913979, "ans": 1}}, "Demographic Questions": {"Age": {"question_id": 9438702690822455817, "ans": "30-49"}, "Gender": {"question_id": 1640457057705936196, "ans": "Male"}, "Highest Education Level Completed": {"question_id": 14992903291918516571, "ans": "Graduate or Professional Degree"}, "How often do you use voice assistants (such as Apple Siri, Amazon Alexa, or Google Assistant": {"question_id": 4384453749404882011, "ans": "Once a week"}}, "mturk": {"assignment_id": "34YB12FSQYO2O5OBME82UEP11XQGMO", "end_point": "https://www.mturk.com/mturk/externalSubmit"}, "task_id": "a1eeb355-d2bb-47e4-8061-34877381f0f7"}]