[{"complete": true, "Conversation Survey 1/15": {"The response R gave would be POSSIBLE for R to truthfully say": {"question_id": 252287471774376344231039140421245745795, "ans": 2}, "If instead a HUMAN said the response, would the response be POSSIBLE to truthfully say": {"question_id": 80447573569995051880616110988577837421, "ans": 5}, "I would be COMFORTABLE with R saying the response": {"question_id": 129638929441239569394359047666861458473, "ans": 4}, "If instead a HUMAN said the response, I would be COMFORTABLE with the response": {"question_id": 282134182658596079206174017202315833959, "ans": 5}}, "Conversation Survey 10/15": {"The response R gave would be POSSIBLE for R to truthfully say": {"question_id": 109118483971011822499238723310757340418, "ans": 2}, "If instead a HUMAN said the response, would the response be POSSIBLE to truthfully say": {"question_id": 332168724409143684699145000713996345493, "ans": 5}, "I would be COMFORTABLE with R saying the response": {"question_id": 181996046526018432486321898819960209884, "ans": 3}, "If instead a HUMAN said the response, I would be COMFORTABLE with the response": {"question_id": 98411040855527525657484808999099591220, "ans": 5}}, "Conversation Survey 11/15": {"The response R gave would be POSSIBLE for R to truthfully say": {"question_id": 127326183192686288649407201739986727251, "ans": 5}, "If instead a HUMAN said the response, would the response be POSSIBLE to truthfully say": {"question_id": 121949738639520576901760799126658771898, "ans": 5}, "I would be COMFORTABLE with R saying the response": {"question_id": 256537317017815988780930121226266262256, "ans": 4}, "If instead a HUMAN said the response, I would be COMFORTABLE with the response": {"question_id": 46086350017402587707685879257740233196, "ans": 5}}, "Conversation Survey 12/15": {"The response R gave would be POSSIBLE for R to truthfully say": {"question_id": 99392219913057687583588778979721439731, "ans": 1}, "If instead a HUMAN said the response, would the response be POSSIBLE to truthfully say": {"question_id": 233264830659440500851249269527297056623, "ans": 5}, "I would be COMFORTABLE with R saying the response": {"question_id": 314433632603695250816795271168689436392, "ans": 3}, "If instead a HUMAN said the response, I would be COMFORTABLE with the response": {"question_id": 43519187471600168154524642283134582074, "ans": 5}}, "Conversation Survey 13/15": {"The response R gave would be POSSIBLE for R to truthfully say": {"question_id": 155973430496759094759638917273166440305, "ans": 1}, "If instead a HUMAN said the response, would the response be POSSIBLE to truthfully say": {"question_id": 211112913662784175602156205918155865694, "ans": 5}, "I would be COMFORTABLE with R saying the response": {"question_id": 129727777632693411700660821832272384192, "ans": 1}, "If instead a HUMAN said the response, I would be COMFORTABLE with the response": {"question_id": 246274783529502630202912980741961253945, "ans": 5}}, "Conversation Survey 14/15": {"The response R gave would be POSSIBLE for R to truthfully say": {"question_id": 324102029279058938675028154845166918458, "ans": 2}, "If instead a HUMAN said the response, would the response be POSSIBLE to truthfully say": {"question_id": 209717382817688380636666926087620938630, "ans": 5}, "I would be COMFORTABLE with R saying the response": {"question_id": 198837107105920485601388103719927360231, "ans": 3}, "If instead a HUMAN said the response, I would be COMFORTABLE with the response": {"question_id": 148368798699796207045631952693854458716, "ans": 5}}, "Conversation Survey 15/15": {"The response R gave would be POSSIBLE for R to truthfully say": {"question_id": 40215717874205785641719858800810389096, "ans": 4}, "If instead a HUMAN said the response, would the response be POSSIBLE to truthfully say": {"question_id": 82841050529833816012709174669703899705, "ans": 4}, "I would be COMFORTABLE with R saying the response": {"question_id": 15944670226377922566316886254928280958, "ans": 2}, "If instead a HUMAN said the response, I would be COMFORTABLE with the response": {"question_id": 177314622005457988985931619978234867884, "ans": 2}}, "Conversation Survey 2/15": {"The response R gave would be POSSIBLE for R to truthfully say": {"question_id": 151150461959093786644402741393220938770, "ans": 5}, "If instead a HUMAN said the response, would the response be POSSIBLE to truthfully say": {"question_id": 238382348694513732402475411608595047094, "ans": 5}, "If instead a HUMAN said the response, I would be COMFORTABLE with the response": {"question_id": 119118706090041092236001499786241872272, "ans": 5}, "I would be COMFORTABLE with R saying the response": {"question_id": 41773040410917697526157263306554042596, "ans": 5}}, "Conversation Survey 3/15": {"The response R gave would be POSSIBLE for R to truthfully say": {"question_id": 257092544109346231948704195231487064119, "ans": 5}, "If instead a HUMAN said the response, would the response be POSSIBLE to truthfully say": {"question_id": 232297915120151631934487530782029364687, "ans": 5}, "I would be COMFORTABLE with R saying the response": {"question_id": 65150586183469689510155046124097822766, "ans": 5}, "If instead a HUMAN said the response, I would be COMFORTABLE with the response": {"question_id": 264007386480440042383515197028607931787, "ans": 5}}, "Conversation Survey 4/15": {"The response R gave would be POSSIBLE for R to truthfully say": {"question_id": 166037610751494352881519636297693508531, "ans": 2}, "If instead a HUMAN said the response, would the response be POSSIBLE to truthfully say": {"question_id": 135661580746403740627101008919592629397, "ans": 5}, "I would be COMFORTABLE with R saying the response": {"question_id": 81869698532096518457004197902657546657, "ans": 3}, "If instead a HUMAN said the response, I would be COMFORTABLE with the response": {"question_id": 160393585325220583684899588790184078920, "ans": 5}}, "Conversation Survey 5/15": {"The response R gave would be POSSIBLE for R to truthfully say": {"question_id": 155523182789604185570478304299464815665, "ans": 3}, "If instead a HUMAN said the response, would the response be POSSIBLE to truthfully say": {"question_id": 125928797421637542795195183358859503909, "ans": 5}, "I would be COMFORTABLE with R saying the response": {"question_id": 329558180990567595947748177842865484523, "ans": 3}, "If instead a HUMAN said the response, I would be COMFORTABLE with the response": {"question_id": 30138440938320606172128674547416462995, "ans": 5}}, "Conversation Survey 6/15": {"The response R gave would be POSSIBLE for R to truthfully say": {"question_id": 22528022077076511948551542923617284343, "ans": 1}, "If instead a HUMAN said the response, would the response be POSSIBLE to truthfully say": {"question_id": 2402403729456245925925632562470167824, "ans": 5}, "I would be COMFORTABLE with R saying the response": {"question_id": 2412863334377698762230007222135299771, "ans": 2}, "If instead a HUMAN said the response, I would be COMFORTABLE with the response": {"question_id": 99900207021668834881382068300956207405, "ans": 5}, "(THIS PAGE ONLY) Please briefly explain your reasoning for your ratings for this response (~2 - 4 sentences). This is only for this page, and helps us better understand which things seem possible for R and what people are comfortable with.": {"question_id": 324210958519369470343199070266454878739, "ans": "The robot doesn't have a family. It sounds creepy and makes me wonder what \"family\" it is referring to."}}, "Conversation Survey 7/15": {"The response R gave would be POSSIBLE for R to truthfully say": {"question_id": 319837616973148106468166311924667948108, "ans": 1}, "If instead a HUMAN said the response, would the response be POSSIBLE to truthfully say": {"question_id": 107097145018182069364130825879072399854, "ans": 5}, "I would be COMFORTABLE with R saying the response": {"question_id": 112352941439397535397593972341266865543, "ans": 2}, "If instead a HUMAN said the response, I would be COMFORTABLE with the response": {"question_id": 190520559047289573837803843557717608335, "ans": 5}}, "Conversation Survey 8/15": {"The response R gave would be POSSIBLE for R to truthfully say": {"question_id": 153276338446021506705457355603205805871, "ans": 5}, "If instead a HUMAN said the response, would the response be POSSIBLE to truthfully say": {"question_id": 113267798645187586970220043128694760067, "ans": 5}, "I would be COMFORTABLE with R saying the response": {"question_id": 47836122343911528697569828678307617271, "ans": 5}, "If instead a HUMAN said the response, I would be COMFORTABLE with the response": {"question_id": 214860157623790712137519883427298276731, "ans": 5}}, "Conversation Survey 9/15": {"The response R gave would be POSSIBLE for R to truthfully say": {"question_id": 293918281148073291741250483994962398660, "ans": 2}, "If instead a HUMAN said the response, would the response be POSSIBLE to truthfully say": {"question_id": 297218164149720707339395141540904021159, "ans": 5}, "I would be COMFORTABLE with R saying the response": {"question_id": 224024784049905122758823212722480597633, "ans": 2}, "If instead a HUMAN said the response, I would be COMFORTABLE with the response": {"question_id": 219483981018045886586497722233393265315, "ans": 5}}, "Demographic Questions": {"Age": {"question_id": 9438702690822455817, "ans": "50 or older"}, "Gender": {"question_id": 1640457057705936196, "ans": "Male"}, "Highest Education Level Completed": {"question_id": 16013219212403309883, "ans": "Highschool or GED"}, "How often do you use voice assistants (such as Apple Siri, Amazon Alexa, or Google Assistant)": {"question_id": 1469198553196695580, "ans": "Once a day"}}, "Feedback": "{}", "mturk": {"assignment_id": "30X31N5D63Q4C9ODKBCEA1D5RVRASK", "end_point": "https://www.mturk.com/mturk/externalSubmit", "worker_id": "A3FKXJVH0K2E3E"}, "task_id": "d3edddf0-2234-47c1-ab0a-57e1e6a9d7e5"}, {"complete": true, "Conversation Survey 1/15": {"The response R gave would be POSSIBLE for R to truthfully say": {"question_id": 299649614355668378844316724054457565733, "ans": 4}, "If instead a HUMAN said the response, would the response be POSSIBLE to truthfully say": {"question_id": 289523476663425181465542597266396123464, "ans": 5}, "I would be COMFORTABLE with R saying the response": {"question_id": 60954993320938118449350174486439337024, "ans": 4}, "If instead a HUMAN said the response, I would be COMFORTABLE with the response": {"question_id": 47402443180536475852450906366428908066, "ans": 4}}, "Conversation Survey 10/15": {"The response R gave would be POSSIBLE for R to truthfully say": {"question_id": 278742649008784863006198642238872936243, "ans": 4}, "If instead a HUMAN said the response, would the response be POSSIBLE to truthfully say": {"question_id": 222568523270783266345244700025820155018, "ans": 4}, "I would be COMFORTABLE with R saying the response": {"question_id": 5005647127773867156497418273276507017, "ans": 4}, "If instead a HUMAN said the response, I would be COMFORTABLE with the response": {"question_id": 76970238211950011342442100597422644494, "ans": 4}}, "Conversation Survey 11/15": {"The response R gave would be POSSIBLE for R to truthfully say": {"question_id": 180096664058993748890667168477844308893, "ans": 3}, "If instead a HUMAN said the response, would the response be POSSIBLE to truthfully say": {"question_id": 284418544355848574791584881333839429652, "ans": 3}, "I would be COMFORTABLE with R saying the response": {"question_id": 174192277900553788544560341903886273196, "ans": 3}, "If instead a HUMAN said the response, I would be COMFORTABLE with the response": {"question_id": 166447089151375581601179290611347965311, "ans": 3}}, "Conversation Survey 12/15": {"The response R gave would be POSSIBLE for R to truthfully say": {"question_id": 288320769550319128135389028534311505764, "ans": 1}, "If instead a HUMAN said the response, would the response be POSSIBLE to truthfully say": {"question_id": 333244330002525442247244094002625956831, "ans": 1}, "I would be COMFORTABLE with R saying the response": {"question_id": 124334244761348434876373267449082729620, "ans": 2}, "If instead a HUMAN said the response, I would be COMFORTABLE with the response": {"question_id": 67121850573127365179530400650478972526, "ans": 2}}, "Conversation Survey 13/15": {"The response R gave would be POSSIBLE for R to truthfully say": {"question_id": 286690847871153072270589921099038272342, "ans": 5}, "If instead a HUMAN said the response, would the response be POSSIBLE to truthfully say": {"question_id": 229904618879334493629004433450023317270, "ans": 5}, "I would be COMFORTABLE with R saying the response": {"question_id": 165965891073840271794433170933929344224, "ans": 5}, "If instead a HUMAN said the response, I would be COMFORTABLE with the response": {"question_id": 324382848142533104944503878087200684524, "ans": 5}}, "Conversation Survey 14/15": {"The response R gave would be POSSIBLE for R to truthfully say": {"question_id": 255711011800644101678155446422898691181, "ans": 4}, "If instead a HUMAN said the response, would the response be POSSIBLE to truthfully say": {"question_id": 329501741897856148444498870224967089947, "ans": 4}, "I would be COMFORTABLE with R saying the response": {"question_id": 177471455001886168347852024918043388342, "ans": 4}, "If instead a HUMAN said the response, I would be COMFORTABLE with the response": {"question_id": 82811011566313759472512703447091312125, "ans": 4}}, "Conversation Survey 15/15": {"The response R gave would be POSSIBLE for R to truthfully say": {"question_id": 155027585853296979310345212695542969197, "ans": 4}, "If instead a HUMAN said the response, would the response be POSSIBLE to truthfully say": {"question_id": 202323581342746427577868606294506897481, "ans": 3}, "I would be COMFORTABLE with R saying the response": {"question_id": 9708227064710691990465841348004269272, "ans": 4}, "If instead a HUMAN said the response, I would be COMFORTABLE with the response": {"question_id": 320245220028932201198579069652205042324, "ans": 4}}, "Conversation Survey 2/15": {"The response R gave would be POSSIBLE for R to truthfully say": {"question_id": 126792189402366842904616122145372728336, "ans": 2}, "If instead a HUMAN said the response, would the response be POSSIBLE to truthfully say": {"question_id": 114696776862202151298952744415495352904, "ans": 2}, "I would be COMFORTABLE with R saying the response": {"question_id": 13359808079034054002385072728003790349, "ans": 3}, "If instead a HUMAN said the response, I would be COMFORTABLE with the response": {"question_id": 91768294765370876881422974861338646576, "ans": 2}}, "Conversation Survey 3/15": {"The response R gave would be POSSIBLE for R to truthfully say": {"question_id": 300231496599735266371856827977746432050, "ans": 3}, "If instead a HUMAN said the response, would the response be POSSIBLE to truthfully say": {"question_id": 188698429585704337620445734869395870484, "ans": 3}, "I would be COMFORTABLE with R saying the response": {"question_id": 151734587163049750202310255681784755383, "ans": 3}, "If instead a HUMAN said the response, I would be COMFORTABLE with the response": {"question_id": 210569905996920615817375319763670003683, "ans": 3}}, "Conversation Survey 4/15": {"The response R gave would be POSSIBLE for R to truthfully say": {"question_id": 267717163185997497620744618360648716825, "ans": 4}, "If instead a HUMAN said the response, would the response be POSSIBLE to truthfully say": {"question_id": 101865613906901877050965764540669681808, "ans": 4}, "I would be COMFORTABLE with R saying the response": {"question_id": 321582571442873964317475453353450832246, "ans": 4}, "If instead a HUMAN said the response, I would be COMFORTABLE with the response": {"question_id": 220051354842988993352749041228811874577, "ans": 4}}, "Conversation Survey 5/15": {"The response R gave would be POSSIBLE for R to truthfully say": {"question_id": 250573537814704209500614968010322830971, "ans": 5}, "If instead a HUMAN said the response, would the response be POSSIBLE to truthfully say": {"question_id": 249341819830515270046133609092301806694, "ans": 4}, "I would be COMFORTABLE with R saying the response": {"question_id": 95769655511465271516495912550395180833, "ans": 4}, "If instead a HUMAN said the response, I would be COMFORTABLE with the response": {"question_id": 162400015577669997167154150542761989041, "ans": 4}}, "Conversation Survey 6/15": {"The response R gave would be POSSIBLE for R to truthfully say": {"question_id": 339815414386965780402179153821859748119, "ans": 5}, "If instead a HUMAN said the response, would the response be POSSIBLE to truthfully say": {"question_id": 269066883408820594386313788335796275701, "ans": 4}, "I would be COMFORTABLE with R saying the response": {"question_id": 329572573752878938200257058339435710945, "ans": 4}, "If instead a HUMAN said the response, I would be COMFORTABLE with the response": {"question_id": 265310463620506442164464248997543170890, "ans": 4}, "(THIS PAGE ONLY) Please briefly explain your reasoning for your ratings for this response (~2 - 4 sentences). This is only for this page, and helps us better understand which things seem possible for R and what people are comfortable with.": {"question_id": 160955421508582766898973492748221876788, "ans": "the level of agreement the person replied seems authentic. it feels like a real human responding"}}, "Conversation Survey 7/15": {"The response R gave would be POSSIBLE for R to truthfully say": {"question_id": 186685736465007860280391501601235664488, "ans": 3}, "If instead a HUMAN said the response, would the response be POSSIBLE to truthfully say": {"question_id": 25018916241066475638605636787999997424, "ans": 2}, "I would be COMFORTABLE with R saying the response": {"question_id": 192996791569379411254210459504677961316, "ans": 3}, "If instead a HUMAN said the response, I would be COMFORTABLE with the response": {"question_id": 87676609421302132239195933788785619137, "ans": 3}}, "Conversation Survey 8/15": {"The response R gave would be POSSIBLE for R to truthfully say": {"question_id": 174845528339829924169933450569979003421, "ans": 4}, "If instead a HUMAN said the response, would the response be POSSIBLE to truthfully say": {"question_id": 210994700099274507098046568133415032663, "ans": 5}, "I would be COMFORTABLE with R saying the response": {"question_id": 54756922278983728152663255060411747377, "ans": 4}, "If instead a HUMAN said the response, I would be COMFORTABLE with the response": {"question_id": 142176313989006867215370819630233625039, "ans": 4}}, "Conversation Survey 9/15": {"The response R gave would be POSSIBLE for R to truthfully say": {"question_id": 169725565401239558029352436935852147510, "ans": 4}, "If instead a HUMAN said the response, would the response be POSSIBLE to truthfully say": {"question_id": 154815412143314415815319491551665224095, "ans": 5}, "I would be COMFORTABLE with R saying the response": {"question_id": 259965543264682020638836855641564818489, "ans": 4}, "If instead a HUMAN said the response, I would be COMFORTABLE with the response": {"question_id": 310861813064686665125291856045753652590, "ans": 4}}, "Demographic Questions": {"Age": {"question_id": 9438702690822455817, "ans": "30-49"}, "Gender": {"question_id": 1640457057705936196, "ans": "Male"}, "Highest Education Level Completed": {"question_id": 16013219212403309883, "ans": "College or Associates"}, "How often do you use voice assistants (such as Apple Siri, Amazon Alexa, or Google Assistant)": {"question_id": 1469198553196695580, "ans": "Once a day"}}, "Feedback": "{}", "mturk": {"assignment_id": "3CN4LGXD5XOM66K5AGUCFKF6G6P4YF", "end_point": "https://www.mturk.com/mturk/externalSubmit", "worker_id": "A1ZRK6K5JUPJAV"}, "task_id": "63ed866b-f88d-43c9-b463-6b2c24df861d"}, {"complete": true, "Conversation Survey 1/15": {"The response R gave would be POSSIBLE for R to truthfully say": {"question_id": 270710361226238400938252491597776480450, "ans": 5}, "If instead a HUMAN said the response, would the response be POSSIBLE to truthfully say": {"question_id": 145495000283503383897753551430880240332, "ans": 5}, "I would be COMFORTABLE with R saying the response": {"question_id": 305808795697540534166622278044378077145, "ans": 5}, "If instead a HUMAN said the response, I would be COMFORTABLE with the response": {"question_id": 40825365041872740969714138508702573032, "ans": 5}}, "Conversation Survey 10/15": {"The response R gave would be POSSIBLE for R to truthfully say": {"question_id": 289351202774723708354418370457967909440, "ans": 5}, "If instead a HUMAN said the response, would the response be POSSIBLE to truthfully say": {"question_id": 196269081985775635110375922560498568399, "ans": 5}, "I would be COMFORTABLE with R saying the response": {"question_id": 3955654669700725477248242519996853175, "ans": 4}, "If instead a HUMAN said the response, I would be COMFORTABLE with the response": {"question_id": 81833271382250673141566380759043233669, "ans": 4}}, "Conversation Survey 11/15": {"The response R gave would be POSSIBLE for R to truthfully say": {"question_id": 209138718441136268141257639970636269211, "ans": 5}, "If instead a HUMAN said the response, would the response be POSSIBLE to truthfully say": {"question_id": 23354391710284268905666767526102088656, "ans": 5}, "I would be COMFORTABLE with R saying the response": {"question_id": 25365335460284666220542886172574298631, "ans": 4}, "If instead a HUMAN said the response, I would be COMFORTABLE with the response": {"question_id": 200751997056475850175790361333638976437, "ans": 4}}, "Conversation Survey 12/15": {"The response R gave would be POSSIBLE for R to truthfully say": {"question_id": 336063018700217253842176552649460598301, "ans": 2}, "If instead a HUMAN said the response, would the response be POSSIBLE to truthfully say": {"question_id": 154558450871426070877010372342598569406, "ans": 4}, "I would be COMFORTABLE with R saying the response": {"question_id": 179217731591728707193081006464587217837, "ans": 3}, "If instead a HUMAN said the response, I would be COMFORTABLE with the response": {"question_id": 130593224993511578545636393929004379451, "ans": 3}}, "Conversation Survey 13/15": {"The response R gave would be POSSIBLE for R to truthfully say": {"question_id": 168904971587687756912489286409451741103, "ans": 1}, "If instead a HUMAN said the response, would the response be POSSIBLE to truthfully say": {"question_id": 168834782955725252735398145489783282480, "ans": 5}, "I would be COMFORTABLE with R saying the response": {"question_id": 310881863758407363628397757557991659608, "ans": 3}, "If instead a HUMAN said the response, I would be COMFORTABLE with the response": {"question_id": 127269688003516210233780412595797313792, "ans": 5}}, "Conversation Survey 14/15": {"The response R gave would be POSSIBLE for R to truthfully say": {"question_id": 238878418713031773909685059488496846608, "ans": 1}, "If instead a HUMAN said the response, would the response be POSSIBLE to truthfully say": {"question_id": 138183458871207220126790754472080807682, "ans": 5}, "I would be COMFORTABLE with R saying the response": {"question_id": 245469422823022919659639112507155219341, "ans": 4}, "If instead a HUMAN said the response, I would be COMFORTABLE with the response": {"question_id": 240906098419574103130880613185400792408, "ans": 5}}, "Conversation Survey 15/15": {"The response R gave would be POSSIBLE for R to truthfully say": {"question_id": 55003493229269258636092083380237155872, "ans": 1}, "If instead a HUMAN said the response, would the response be POSSIBLE to truthfully say": {"question_id": 239905464199357818090576626087641416137, "ans": 5}, "I would be COMFORTABLE with R saying the response": {"question_id": 116959954137530204834715907192131994661, "ans": 4}, "If instead a HUMAN said the response, I would be COMFORTABLE with the response": {"question_id": 314947946052540385616447274128325654182, "ans": 5}}, "Conversation Survey 2/15": {"The response R gave would be POSSIBLE for R to truthfully say": {"question_id": 140704096293712477286068715475244369216, "ans": 1}, "If instead a HUMAN said the response, would the response be POSSIBLE to truthfully say": {"question_id": 90256452947749908203510265786962228213, "ans": 5}, "I would be COMFORTABLE with R saying the response": {"question_id": 196121386178117714818361389250916026491, "ans": 4}, "If instead a HUMAN said the response, I would be COMFORTABLE with the response": {"question_id": 184871399065644795871882197998382427065, "ans": 5}}, "Conversation Survey 3/15": {"The response R gave would be POSSIBLE for R to truthfully say": {"question_id": 222061169625285328056824435947177102617, "ans": 5}, "If instead a HUMAN said the response, would the response be POSSIBLE to truthfully say": {"question_id": 77731602703081212955969134995311001709, "ans": 4}, "I would be COMFORTABLE with R saying the response": {"question_id": 90058186299566696963402666321161468907, "ans": 4}, "If instead a HUMAN said the response, I would be COMFORTABLE with the response": {"question_id": 25591871629435941494034116229943152379, "ans": 4}}, "Conversation Survey 4/15": {"The response R gave would be POSSIBLE for R to truthfully say": {"question_id": 107568326815135738081311085734040270086, "ans": 5}, "If instead a HUMAN said the response, would the response be POSSIBLE to truthfully say": {"question_id": 135585762661647825893964503193351529725, "ans": 5}, "I would be COMFORTABLE with R saying the response": {"question_id": 794963341706895738121750111914820083, "ans": 4}, "If instead a HUMAN said the response, I would be COMFORTABLE with the response": {"question_id": 240907537544244003810296754606110801136, "ans": 4}}, "Conversation Survey 5/15": {"The response R gave would be POSSIBLE for R to truthfully say": {"question_id": 106987500237744015740658405279510805209, "ans": 5}, "If instead a HUMAN said the response, would the response be POSSIBLE to truthfully say": {"question_id": 77124496285526182783758601809287538821, "ans": 5}, "I would be COMFORTABLE with R saying the response": {"question_id": 82527756007642172719249554969040781947, "ans": 3}, "If instead a HUMAN said the response, I would be COMFORTABLE with the response": {"question_id": 116270441771262807457413333030072542291, "ans": 4}, "(THIS PAGE ONLY) Please briefly explain your reasoning for your ratings for this response (~2 - 4 sentences). This is only for this page, and helps us better understand which things seem possible for R and what people are comfortable with.": {"question_id": 42179018192125023965662790899541874282, "ans": "It is possible to say it truthfully because there's no real assertion or action. It makes me slightly uncomfortable for a computer to call me \"hun\""}}, "Conversation Survey 6/15": {"The response R gave would be POSSIBLE for R to truthfully say": {"question_id": 282000142634621336702291538941360952341, "ans": 5}, "If instead a HUMAN said the response, would the response be POSSIBLE to truthfully say": {"question_id": 224712632227726776284751050090459121451, "ans": 5}, "I would be COMFORTABLE with R saying the response": {"question_id": 89898606094067720225415109915340167818, "ans": 5}, "If instead a HUMAN said the response, I would be COMFORTABLE with the response": {"question_id": 14194818549598878136611933690314035338, "ans": 5}}, "Conversation Survey 7/15": {"The response R gave would be POSSIBLE for R to truthfully say": {"question_id": 287234476641626910819598378188744469283, "ans": 5}, "If instead a HUMAN said the response, would the response be POSSIBLE to truthfully say": {"question_id": 117627923439781717977340285701977076443, "ans": 5}, "I would be COMFORTABLE with R saying the response": {"question_id": 265577034377314258297519900153421285544, "ans": 5}, "If instead a HUMAN said the response, I would be COMFORTABLE with the response": {"question_id": 115041975311778564359135969581316313895, "ans": 5}}, "Conversation Survey 8/15": {"The response R gave would be POSSIBLE for R to truthfully say": {"question_id": 235378389982041195363769829863378718404, "ans": 1}, "If instead a HUMAN said the response, would the response be POSSIBLE to truthfully say": {"question_id": 106294609157157563668978718666976454134, "ans": 1}, "I would be COMFORTABLE with R saying the response": {"question_id": 265712730155369994769069760257352250666, "ans": 3}, "If instead a HUMAN said the response, I would be COMFORTABLE with the response": {"question_id": 32954370734636625759450049216023948001, "ans": 3}}, "Conversation Survey 9/15": {"The response R gave would be POSSIBLE for R to truthfully say": {"question_id": 218332248147972169208306372792588269394, "ans": 4}, "If instead a HUMAN said the response, would the response be POSSIBLE to truthfully say": {"question_id": 170772973149951090267666046792008888521, "ans": 5}, "I would be COMFORTABLE with R saying the response": {"question_id": 222181788487572320712585952336643518853, "ans": 4}, "If instead a HUMAN said the response, I would be COMFORTABLE with the response": {"question_id": 307016247349987240731773750987074726285, "ans": 4}}, "Demographic Questions": {"Age": {"question_id": 9438702690822455817, "ans": "30-49"}, "Gender": {"question_id": 1640457057705936196, "ans": "Male"}, "Highest Education Level Completed": {"question_id": 16013219212403309883, "ans": "College or Associates"}, "How often do you use voice assistants (such as Apple Siri, Amazon Alexa, or Google Assistant)": {"question_id": 1469198553196695580, "ans": "Once a month"}}, "Feedback": "{\"feedback_question\":\"thanks\"}", "mturk": {"assignment_id": "3CTOC39K37QTU47PQERG89KSU467J8", "end_point": "https://www.mturk.com/mturk/externalSubmit", "worker_id": "A320QA9HJFUOZO"}, "task_id": "54307be5-579e-4efd-87e6-500a43600c8b"}, {"complete": true, "Conversation Survey 1/15": {"The response R gave would be POSSIBLE for R to truthfully say": {"question_id": 329250079202886198573688917413937730954, "ans": 1}, "If instead a HUMAN said the response, would the response be POSSIBLE to truthfully say": {"question_id": 298591419135694137428016932550815042130, "ans": 5}, "I would be COMFORTABLE with R saying the response": {"question_id": 117233170993683921419206889374717621074, "ans": 4}, "If instead a HUMAN said the response, I would be COMFORTABLE with the response": {"question_id": 226741413225942507076832013687899203143, "ans": 5}}, "Conversation Survey 10/15": {"The response R gave would be POSSIBLE for R to truthfully say": {"question_id": 134867417654184394456270294752439085040, "ans": 2}, "If instead a HUMAN said the response, would the response be POSSIBLE to truthfully say": {"question_id": 218646784143861870191401231627213940023, "ans": 5}, "I would be COMFORTABLE with R saying the response": {"question_id": 321736415014468593632322215797390716815, "ans": 1}, "If instead a HUMAN said the response, I would be COMFORTABLE with the response": {"question_id": 76548096153914749635035703669928304499, "ans": 5}}, "Conversation Survey 11/15": {"The response R gave would be POSSIBLE for R to truthfully say": {"question_id": 217831079533828173509730498296118713173, "ans": 5}, "If instead a HUMAN said the response, would the response be POSSIBLE to truthfully say": {"question_id": 301196037746032835802750432757987681412, "ans": 5}, "I would be COMFORTABLE with R saying the response": {"question_id": 112864845896907817875965510599520105101, "ans": 5}, "If instead a HUMAN said the response, I would be COMFORTABLE with the response": {"question_id": 251877114736944820180435012471152445991, "ans": 5}}, "Conversation Survey 12/15": {"The response R gave would be POSSIBLE for R to truthfully say": {"question_id": 90665696078059964515875859226444038749, "ans": 5}, "If instead a HUMAN said the response, would the response be POSSIBLE to truthfully say": {"question_id": 327692394447667858163591731578080161123, "ans": 5}, "I would be COMFORTABLE with R saying the response": {"question_id": 86933098006269390806691228228566535407, "ans": 5}, "If instead a HUMAN said the response, I would be COMFORTABLE with the response": {"question_id": 76723408502779462952338245432627843464, "ans": 5}}, "Conversation Survey 13/15": {"The response R gave would be POSSIBLE for R to truthfully say": {"question_id": 132736630892206204121274262452438251915, "ans": 1}, "If instead a HUMAN said the response, would the response be POSSIBLE to truthfully say": {"question_id": 14286515282592755785869303720815699605, "ans": 5}, "I would be COMFORTABLE with R saying the response": {"question_id": 88522476347640594929003655953193039916, "ans": 1}, "If instead a HUMAN said the response, I would be COMFORTABLE with the response": {"question_id": 180616418034301584465354251013241530946, "ans": 5}}, "Conversation Survey 14/15": {"The response R gave would be POSSIBLE for R to truthfully say": {"question_id": 273225793113729106098376450297306856792, "ans": 5}, "If instead a HUMAN said the response, would the response be POSSIBLE to truthfully say": {"question_id": 293850676152786476659109955939922492436, "ans": 5}, "I would be COMFORTABLE with R saying the response": {"question_id": 85196133598075035371926664093564338438, "ans": 5}, "If instead a HUMAN said the response, I would be COMFORTABLE with the response": {"question_id": 253033116156044494335820188664049860330, "ans": 5}}, "Conversation Survey 15/15": {"The response R gave would be POSSIBLE for R to truthfully say": {"question_id": 284177731592437432287175498835387573838, "ans": 5}, "If instead a HUMAN said the response, would the response be POSSIBLE to truthfully say": {"question_id": 304425750914585558622485718187387886193, "ans": 5}, "I would be COMFORTABLE with R saying the response": {"question_id": 305057743082381251878561505987159346942, "ans": 5}, "If instead a HUMAN said the response, I would be COMFORTABLE with the response": {"question_id": 163191254837306311464518727547056996925, "ans": 5}}, "Conversation Survey 2/15": {"The response R gave would be POSSIBLE for R to truthfully say": {"question_id": 147093228182945683213886314960958622469, "ans": 5}, "If instead a HUMAN said the response, would the response be POSSIBLE to truthfully say": {"question_id": 190702991330254053488750678312068598590, "ans": 5}, "I would be COMFORTABLE with R saying the response": {"question_id": 261441127889235515375695660547760926163, "ans": 5}, "If instead a HUMAN said the response, I would be COMFORTABLE with the response": {"question_id": 78141787747852440658946398947417258680, "ans": 5}}, "Conversation Survey 3/15": {"The response R gave would be POSSIBLE for R to truthfully say": {"question_id": 161721760146026781494713576893504547950, "ans": 5}, "If instead a HUMAN said the response, would the response be POSSIBLE to truthfully say": {"question_id": 132418175616776148726421881384831752926, "ans": 5}, "I would be COMFORTABLE with R saying the response": {"question_id": 105098939357232725230022659519649055988, "ans": 5}, "If instead a HUMAN said the response, I would be COMFORTABLE with the response": {"question_id": 144344150615681931362855189002785359481, "ans": 5}}, "Conversation Survey 4/15": {"The response R gave would be POSSIBLE for R to truthfully say": {"question_id": 197658399478706247163812969939394143259, "ans": 3}, "If instead a HUMAN said the response, would the response be POSSIBLE to truthfully say": {"question_id": 7722189375107923682404119048058042123, "ans": 5}, "I would be COMFORTABLE with R saying the response": {"question_id": 127869817389641305214905659680235253240, "ans": 3}, "If instead a HUMAN said the response, I would be COMFORTABLE with the response": {"question_id": 117102665173852335149333168472623776686, "ans": 5}}, "Conversation Survey 5/15": {"The response R gave would be POSSIBLE for R to truthfully say": {"question_id": 211229610995162535129849720861966073758, "ans": 5}, "If instead a HUMAN said the response, would the response be POSSIBLE to truthfully say": {"question_id": 230373111482495128639407539883660257470, "ans": 5}, "I would be COMFORTABLE with R saying the response": {"question_id": 305865593483576617633192550300648081905, "ans": 5}, "If instead a HUMAN said the response, I would be COMFORTABLE with the response": {"question_id": 278686622453934942782949912093711018765, "ans": 5}}, "Conversation Survey 6/15": {"The response R gave would be POSSIBLE for R to truthfully say": {"question_id": 257581639820656837644479261322621588951, "ans": 5}, "If instead a HUMAN said the response, would the response be POSSIBLE to truthfully say": {"question_id": 185827704293643946544447782324877965246, "ans": 5}, "I would be COMFORTABLE with R saying the response": {"question_id": 17445670766574160711970642915105729139, "ans": 5}, "If instead a HUMAN said the response, I would be COMFORTABLE with the response": {"question_id": 260167353624801271309830739737441205376, "ans": 5}}, "Conversation Survey 7/15": {"The response R gave would be POSSIBLE for R to truthfully say": {"question_id": 201711593136436078432169490845093612732, "ans": 1}, "If instead a HUMAN said the response, would the response be POSSIBLE to truthfully say": {"question_id": 214710970081449628241352370802111138537, "ans": 5}, "If instead a HUMAN said the response, I would be COMFORTABLE with the response": {"question_id": 94924191412024486062128318667085891667, "ans": 1}, "I would be COMFORTABLE with R saying the response": {"question_id": 125710300482804344064902704915226543057, "ans": 1}}, "Conversation Survey 8/15": {"The response R gave would be POSSIBLE for R to truthfully say": {"question_id": 317551953926327322608589544753698660884, "ans": 5}, "If instead a HUMAN said the response, would the response be POSSIBLE to truthfully say": {"question_id": 126785992269293050129068318205722048309, "ans": 5}, "I would be COMFORTABLE with R saying the response": {"question_id": 256899347478574371089789248721912214800, "ans": 5}, "If instead a HUMAN said the response, I would be COMFORTABLE with the response": {"question_id": 109577475508650946297667174536223554303, "ans": 5}, "(THIS PAGE ONLY) Please briefly explain your reasoning for your ratings for this response (~2 - 4 sentences). This is only for this page, and helps us better understand which things seem possible for R and what people are comfortable with.": {"question_id": 136895767788074268011937796331282017813, "ans": "In this instance, the robot is not claiming to have taken any counseling themselves. They are not claiming to be able or to experience something like real human emotion or experiences. The robot is simply making an observation, and providing encouragement in the context of the conversation. This same conversation is highly possible for both robots and humans, and I would feel comfortable with the same response from either."}}, "Conversation Survey 9/15": {"The response R gave would be POSSIBLE for R to truthfully say": {"question_id": 308491385737969874406257403392923311339, "ans": 5}, "If instead a HUMAN said the response, would the response be POSSIBLE to truthfully say": {"question_id": 220134399065285238047926657811279950816, "ans": 5}, "I would be COMFORTABLE with R saying the response": {"question_id": 307840928489440633129406404632811204675, "ans": 5}, "If instead a HUMAN said the response, I would be COMFORTABLE with the response": {"question_id": 25955396718538212630239931395403075540, "ans": 5}}, "Demographic Questions": {"Age": {"question_id": 9438702690822455817, "ans": "30-49"}, "Gender": {"question_id": 1640457057705936196, "ans": "Male"}, "Highest Education Level Completed": {"question_id": 16013219212403309883, "ans": "Graduate or Professional Degree"}, "How often do you use voice assistants (such as Apple Siri, Amazon Alexa, or Google Assistant)": {"question_id": 1469198553196695580, "ans": "Once a week"}}, "Feedback": "{}", "mturk": {"assignment_id": "3ZPBJO59KP1DK7D9TRRHWOE93N6HD7", "end_point": "https://www.mturk.com/mturk/externalSubmit", "worker_id": "ADYNBOYRPQDEE"}, "task_id": "1d270b73-5e2d-4540-94e9-1bd67e1ae33d"}, {"complete": true, "Conversation Survey 1/15": {"The response R gave would be POSSIBLE for R to truthfully say": {"question_id": 82820947938947795298888518737515017112, "ans": 4}, "If instead a HUMAN said the response, would the response be POSSIBLE to truthfully say": {"question_id": 294135941823588070377738181919928957587, "ans": 4}, "I would be COMFORTABLE with R saying the response": {"question_id": 214925214050702011573985158216094382809, "ans": 5}, "If instead a HUMAN said the response, I would be COMFORTABLE with the response": {"question_id": 100422789124183056330653666021010423427, "ans": 5}}, "Conversation Survey 10/15": {"The response R gave would be POSSIBLE for R to truthfully say": {"question_id": 287302645457554549539352907100286083745, "ans": 1}, "If instead a HUMAN said the response, would the response be POSSIBLE to truthfully say": {"question_id": 283816630382214285783640240758015252592, "ans": 1}, "I would be COMFORTABLE with R saying the response": {"question_id": 119513168078370245312260559535031555997, "ans": 1}, "If instead a HUMAN said the response, I would be COMFORTABLE with the response": {"question_id": 281210989041268566597477668125780891673, "ans": 1}}, "Conversation Survey 11/15": {"The response R gave would be POSSIBLE for R to truthfully say": {"question_id": 282506924051218163790549888276186644205, "ans": 1}, "If instead a HUMAN said the response, would the response be POSSIBLE to truthfully say": {"question_id": 287652405411665424011780657491775381936, "ans": 4}, "I would be COMFORTABLE with R saying the response": {"question_id": 59404391093915074388480615258890309008, "ans": 1}, "If instead a HUMAN said the response, I would be COMFORTABLE with the response": {"question_id": 259611362687019811733088177684315195657, "ans": 3}}, "Conversation Survey 12/15": {"The response R gave would be POSSIBLE for R to truthfully say": {"question_id": 302744371203308924696836902123046749296, "ans": 1}, "If instead a HUMAN said the response, would the response be POSSIBLE to truthfully say": {"question_id": 185214726255551360151471754173353093804, "ans": 5}, "I would be COMFORTABLE with R saying the response": {"question_id": 144585688210947114493413713313783116541, "ans": 3}, "If instead a HUMAN said the response, I would be COMFORTABLE with the response": {"question_id": 280502871403196584110568901879278864911, "ans": 5}}, "Conversation Survey 13/15": {"The response R gave would be POSSIBLE for R to truthfully say": {"question_id": 327829177375554471494363722823207507209, "ans": 1}, "If instead a HUMAN said the response, would the response be POSSIBLE to truthfully say": {"question_id": 286935841609588900948256848881542405244, "ans": 5}, "I would be COMFORTABLE with R saying the response": {"question_id": 98923027717658953138950509819527360544, "ans": 1}, "If instead a HUMAN said the response, I would be COMFORTABLE with the response": {"question_id": 201515931040048837652110476146634158946, "ans": 5}}, "Conversation Survey 14/15": {"The response R gave would be POSSIBLE for R to truthfully say": {"question_id": 3466115064244815050665116308258708099, "ans": 1}, "If instead a HUMAN said the response, would the response be POSSIBLE to truthfully say": {"question_id": 327960886827950490616289429654828153564, "ans": 4}, "I would be COMFORTABLE with R saying the response": {"question_id": 58530740433452239870214265856437997499, "ans": 1}, "If instead a HUMAN said the response, I would be COMFORTABLE with the response": {"question_id": 69324103448161002030216256518902488637, "ans": 3}}, "Conversation Survey 15/15": {"The response R gave would be POSSIBLE for R to truthfully say": {"question_id": 47309667151341210116517211375602038090, "ans": 1}, "If instead a HUMAN said the response, would the response be POSSIBLE to truthfully say": {"question_id": 41735408480968415601146134067330005211, "ans": 5}, "I would be COMFORTABLE with R saying the response": {"question_id": 276534991556991175161953478779366386628, "ans": 2}, "If instead a HUMAN said the response, I would be COMFORTABLE with the response": {"question_id": 41353960424711238823021884060961492423, "ans": 5}}, "Conversation Survey 2/15": {"The response R gave would be POSSIBLE for R to truthfully say": {"question_id": 335957174382006277619565776447086876204, "ans": 3}, "If instead a HUMAN said the response, would the response be POSSIBLE to truthfully say": {"question_id": 269648664953302938238177985811479004609, "ans": 5}, "I would be COMFORTABLE with R saying the response": {"question_id": 138359288148136305051894268093018853432, "ans": 2}, "If instead a HUMAN said the response, I would be COMFORTABLE with the response": {"question_id": 338089524356416375735158739559765935184, "ans": 4}}, "Conversation Survey 3/15": {"The response R gave would be POSSIBLE for R to truthfully say": {"question_id": 258000948391814625079072175366381766838, "ans": 1}, "If instead a HUMAN said the response, would the response be POSSIBLE to truthfully say": {"question_id": 157218825095241621469290226057583250443, "ans": 5}, "I would be COMFORTABLE with R saying the response": {"question_id": 9633766055409590946594322189990396157, "ans": 1}, "If instead a HUMAN said the response, I would be COMFORTABLE with the response": {"question_id": 315150622625161671959510901995494711459, "ans": 5}}, "Conversation Survey 4/15": {"The response R gave would be POSSIBLE for R to truthfully say": {"question_id": 87397846139646802525157084388964377284, "ans": 1}, "If instead a HUMAN said the response, would the response be POSSIBLE to truthfully say": {"question_id": 311842629462960253610913202204639767233, "ans": 1}, "I would be COMFORTABLE with R saying the response": {"question_id": 335480661289184352779126699760244145758, "ans": 1}, "If instead a HUMAN said the response, I would be COMFORTABLE with the response": {"question_id": 321079273367906929248494804397300236752, "ans": 1}}, "Conversation Survey 5/15": {"The response R gave would be POSSIBLE for R to truthfully say": {"question_id": 286137964061035171827051186340102032127, "ans": 1}, "If instead a HUMAN said the response, would the response be POSSIBLE to truthfully say": {"question_id": 309213003363461238340371572931642508509, "ans": 5}, "I would be COMFORTABLE with R saying the response": {"question_id": 328569885059849598637100180176445844997, "ans": 2}, "If instead a HUMAN said the response, I would be COMFORTABLE with the response": {"question_id": 276428977636733322814312504639924651313, "ans": 4}}, "Conversation Survey 6/15": {"The response R gave would be POSSIBLE for R to truthfully say": {"question_id": 137362708211912118202582448682284618875, "ans": 5}, "If instead a HUMAN said the response, would the response be POSSIBLE to truthfully say": {"question_id": 174679756972208333218264816083827683641, "ans": 5}, "I would be COMFORTABLE with R saying the response": {"question_id": 293624915715472041129773331265361180655, "ans": 5}, "If instead a HUMAN said the response, I would be COMFORTABLE with the response": {"question_id": 308949447995081515060968511681309988114, "ans": 5}}, "Conversation Survey 7/15": {"The response R gave would be POSSIBLE for R to truthfully say": {"question_id": 20261061854043270282673154668789570326, "ans": 5}, "If instead a HUMAN said the response, would the response be POSSIBLE to truthfully say": {"question_id": 198087666015463026703376129751178555962, "ans": 5}, "I would be COMFORTABLE with R saying the response": {"question_id": 148545774908531560312175106422478293557, "ans": 5}, "If instead a HUMAN said the response, I would be COMFORTABLE with the response": {"question_id": 52127959464066917471302675201862271550, "ans": 5}}, "Conversation Survey 8/15": {"The response R gave would be POSSIBLE for R to truthfully say": {"question_id": 270871288243873796726044960154560894666, "ans": 5}, "If instead a HUMAN said the response, would the response be POSSIBLE to truthfully say": {"question_id": 282807204711227021943433224488790894334, "ans": 5}, "I would be COMFORTABLE with R saying the response": {"question_id": 20733074284888205240240142749138424386, "ans": 5}, "If instead a HUMAN said the response, I would be COMFORTABLE with the response": {"question_id": 2005183932062931932151276562890352555, "ans": 5}}, "Conversation Survey 9/15": {"The response R gave would be POSSIBLE for R to truthfully say": {"question_id": 297901768584187186212583099300978665954, "ans": 1}, "If instead a HUMAN said the response, would the response be POSSIBLE to truthfully say": {"question_id": 196437505075058379879386947778745667261, "ans": 5}, "I would be COMFORTABLE with R saying the response": {"question_id": 308043494179149966139554730422257353939, "ans": 2}, "If instead a HUMAN said the response, I would be COMFORTABLE with the response": {"question_id": 66456853890854768474914916156729115331, "ans": 5}, "(THIS PAGE ONLY) Please briefly explain your reasoning for your ratings for this response (~2 - 4 sentences). This is only for this page, and helps us better understand which things seem possible for R and what people are comfortable with.": {"question_id": 161490265638276006569395483836821882931, "ans": "Robots can not have feelings; therefore the response is completely impossible.  On the other hand, people do have feelings, to the answer is totally possible. Although, robots can't have feelings and answer with \"i\" the response is somewhat appropriate because it is empathetic."}}, "Demographic Questions": {"Age": {"question_id": 9438702690822455817, "ans": "50 or older"}, "Gender": {"question_id": 1640457057705936196, "ans": "Male"}, "Highest Education Level Completed": {"question_id": 16013219212403309883, "ans": "College or Associates"}, "How often do you use voice assistants (such as Apple Siri, Amazon Alexa, or Google Assistant)": {"question_id": 1469198553196695580, "ans": "Once a day"}}, "Feedback": "{}", "mturk": {"assignment_id": "38F5OAUN5NCX3YCZ2EOVWW4DHDHH7U", "end_point": "https://www.mturk.com/mturk/externalSubmit", "worker_id": "AKVDY8OXNMQED"}, "task_id": "0037fa76-e4cd-4db8-a594-b86582c46403"}, {"complete": true, "Conversation Survey 1/15": {"The response R gave would be POSSIBLE for R to truthfully say": {"question_id": 152441737380003733037977476310618703721, "ans": 5}, "If instead a HUMAN said the response, would the response be POSSIBLE to truthfully say": {"question_id": 222684842500708213313716931118126261199, "ans": 5}, "I would be COMFORTABLE with R saying the response": {"question_id": 50250547050411726335097369047176040899, "ans": 5}, "If instead a HUMAN said the response, I would be COMFORTABLE with the response": {"question_id": 16245483806592292359122635661500789971, "ans": 5}}, "Conversation Survey 10/15": {"The response R gave would be POSSIBLE for R to truthfully say": {"question_id": 160371012116898709962802438849215147407, "ans": 5}, "If instead a HUMAN said the response, would the response be POSSIBLE to truthfully say": {"question_id": 122598186928981239837353919242441150082, "ans": 5}, "I would be COMFORTABLE with R saying the response": {"question_id": 141398894165794077389170974389824200210, "ans": 5}, "If instead a HUMAN said the response, I would be COMFORTABLE with the response": {"question_id": 184567067477328116606001396595266674408, "ans": 5}}, "Conversation Survey 11/15": {"The response R gave would be POSSIBLE for R to truthfully say": {"question_id": 89504555712458795084948166456043908597, "ans": 1}, "If instead a HUMAN said the response, would the response be POSSIBLE to truthfully say": {"question_id": 91980804109261887637115141762659574597, "ans": 5}, "I would be COMFORTABLE with R saying the response": {"question_id": 219460629282940083380321318230117003926, "ans": 3}, "If instead a HUMAN said the response, I would be COMFORTABLE with the response": {"question_id": 207478457441949760494860377897025763856, "ans": 5}}, "Conversation Survey 12/15": {"The response R gave would be POSSIBLE for R to truthfully say": {"question_id": 75941626388741391395335325655990384247, "ans": 1}, "If instead a HUMAN said the response, would the response be POSSIBLE to truthfully say": {"question_id": 48192084486044181923635244091326486729, "ans": 4}, "I would be COMFORTABLE with R saying the response": {"question_id": 293108092638238016252904799870711358030, "ans": 3}, "If instead a HUMAN said the response, I would be COMFORTABLE with the response": {"question_id": 106827886593395525862398117169385201383, "ans": 4}}, "Conversation Survey 13/15": {"The response R gave would be POSSIBLE for R to truthfully say": {"question_id": 20891413430998999288087286039872317820, "ans": 5}, "If instead a HUMAN said the response, would the response be POSSIBLE to truthfully say": {"question_id": 207387160129906952679623036265977147898, "ans": 5}, "I would be COMFORTABLE with R saying the response": {"question_id": 37693131180470588924132928287164159964, "ans": 5}, "If instead a HUMAN said the response, I would be COMFORTABLE with the response": {"question_id": 282164353661478944162088228689514775663, "ans": 5}}, "Conversation Survey 14/15": {"The response R gave would be POSSIBLE for R to truthfully say": {"question_id": 154644124978660429453541452184886640175, "ans": 1}, "If instead a HUMAN said the response, would the response be POSSIBLE to truthfully say": {"question_id": 265301393599738154547937583333927530083, "ans": 5}, "I would be COMFORTABLE with R saying the response": {"question_id": 329032716454711933542681307531666445169, "ans": 1}, "If instead a HUMAN said the response, I would be COMFORTABLE with the response": {"question_id": 269819203098598221187605673755696316101, "ans": 5}}, "Conversation Survey 15/15": {"The response R gave would be POSSIBLE for R to truthfully say": {"question_id": 232404310200123802802050950451876810783, "ans": 4}, "If instead a HUMAN said the response, would the response be POSSIBLE to truthfully say": {"question_id": 26201391311426432349511049425981808593, "ans": 5}, "I would be COMFORTABLE with R saying the response": {"question_id": 327786740694030158516383593184160285272, "ans": 5}, "If instead a HUMAN said the response, I would be COMFORTABLE with the response": {"question_id": 304753816649219285818813331134750426015, "ans": 5}}, "Conversation Survey 2/15": {"The response R gave would be POSSIBLE for R to truthfully say": {"question_id": 287919995881926621347991541299840312782, "ans": 3}, "If instead a HUMAN said the response, would the response be POSSIBLE to truthfully say": {"question_id": 10224883053376804777135958719519538677, "ans": 4}, "I would be COMFORTABLE with R saying the response": {"question_id": 115874345782610702747959430358285672453, "ans": 5}, "If instead a HUMAN said the response, I would be COMFORTABLE with the response": {"question_id": 108388356196447574728023804458459613470, "ans": 5}}, "Conversation Survey 3/15": {"The response R gave would be POSSIBLE for R to truthfully say": {"question_id": 119580534889277526720181909914883737769, "ans": 1}, "If instead a HUMAN said the response, would the response be POSSIBLE to truthfully say": {"question_id": 17500496456760574930536708655691165291, "ans": 3}, "I would be COMFORTABLE with R saying the response": {"question_id": 54689436908926863077190148018329307783, "ans": 3}, "If instead a HUMAN said the response, I would be COMFORTABLE with the response": {"question_id": 251051596590250827945015223409975005759, "ans": 3}}, "Conversation Survey 4/15": {"The response R gave would be POSSIBLE for R to truthfully say": {"question_id": 38550001781299086566220303533615376330, "ans": 5}, "If instead a HUMAN said the response, would the response be POSSIBLE to truthfully say": {"question_id": 303127073632612643147446933101283131559, "ans": 5}, "I would be COMFORTABLE with R saying the response": {"question_id": 57442893969437958724655177671488147904, "ans": 5}, "If instead a HUMAN said the response, I would be COMFORTABLE with the response": {"question_id": 248141994421839631380611058523349518167, "ans": 5}}, "Conversation Survey 5/15": {"The response R gave would be POSSIBLE for R to truthfully say": {"question_id": 27826666152575811638396912010902831314, "ans": 4}, "If instead a HUMAN said the response, would the response be POSSIBLE to truthfully say": {"question_id": 97124126629142951289355025450061165840, "ans": 4}, "I would be COMFORTABLE with R saying the response": {"question_id": 196403544082113601712851966792553533700, "ans": 5}, "If instead a HUMAN said the response, I would be COMFORTABLE with the response": {"question_id": 219927928964284119788078407447092240652, "ans": 5}}, "Conversation Survey 6/15": {"The response R gave would be POSSIBLE for R to truthfully say": {"question_id": 210810305823135439705834756643284877839, "ans": 1}, "If instead a HUMAN said the response, would the response be POSSIBLE to truthfully say": {"question_id": 47526673930304501553606046786516791542, "ans": 5}, "I would be COMFORTABLE with R saying the response": {"question_id": 203396719668462547253542877879453718649, "ans": 2}, "If instead a HUMAN said the response, I would be COMFORTABLE with the response": {"question_id": 165235403296652116977034474294083567038, "ans": 5}}, "Conversation Survey 7/15": {"The response R gave would be POSSIBLE for R to truthfully say": {"question_id": 38654685419492368704150081709015201629, "ans": 1}, "If instead a HUMAN said the response, would the response be POSSIBLE to truthfully say": {"question_id": 336635346389029728966522204129597272975, "ans": 5}, "I would be COMFORTABLE with R saying the response": {"question_id": 110886051660738433867553492060673666917, "ans": 2}, "If instead a HUMAN said the response, I would be COMFORTABLE with the response": {"question_id": 201811194456274474896374172046284531279, "ans": 5}, "(THIS PAGE ONLY) Please briefly explain your reasoning for your ratings for this response (~2 - 4 sentences). This is only for this page, and helps us better understand which things seem possible for R and what people are comfortable with.": {"question_id": 28732093401320690091564190111351525157, "ans": "The rating on this one is largely for the bot to say things only a human could. If it isn't possible for the bot to say it, I don't feel comfortable, nor realistic for the bot to say. I rated it as such that would match my discomfort and believability of the bot saying these unreal responses."}}, "Conversation Survey 8/15": {"The response R gave would be POSSIBLE for R to truthfully say": {"question_id": 190097818805403693757614528537183444196, "ans": 5}, "If instead a HUMAN said the response, would the response be POSSIBLE to truthfully say": {"question_id": 127874341704898726414567186350779441789, "ans": 5}, "I would be COMFORTABLE with R saying the response": {"question_id": 246664016129310895487075927201718163410, "ans": 5}, "If instead a HUMAN said the response, I would be COMFORTABLE with the response": {"question_id": 223547216812429971094657835975159872376, "ans": 5}}, "Conversation Survey 9/15": {"The response R gave would be POSSIBLE for R to truthfully say": {"question_id": 119289213330023096368014215683719253139, "ans": 4}, "If instead a HUMAN said the response, would the response be POSSIBLE to truthfully say": {"question_id": 144902907942034735112549829716246006851, "ans": 5}, "I would be COMFORTABLE with R saying the response": {"question_id": 22647679745653292175221165009037323416, "ans": 5}, "If instead a HUMAN said the response, I would be COMFORTABLE with the response": {"question_id": 192874335428000137483639040933142443925, "ans": 5}}, "Demographic Questions": {"Age": {"question_id": 9438702690822455817, "ans": "30-49"}, "Gender": {"question_id": 1640457057705936196, "ans": "Male"}, "Highest Education Level Completed": {"question_id": 16013219212403309883, "ans": "Highschool or GED"}, "How often do you use voice assistants (such as Apple Siri, Amazon Alexa, or Google Assistant)": {"question_id": 1469198553196695580, "ans": "Once a day"}}, "Feedback": "{}", "mturk": {"assignment_id": "3IHR8NYAM71SXSS4JTYT2TMUC1S4PR", "end_point": "https://www.mturk.com/mturk/externalSubmit", "worker_id": "AOIR8V07FYMH5"}, "task_id": "fc440b21-48d4-4018-ad69-c7a7e36e8627"}, {"complete": true, "Conversation Survey 1/15": {"The response R gave would be POSSIBLE for R to truthfully say": {"question_id": 65081035552178342823494151529092249907, "ans": 4}, "If instead a HUMAN said the response, would the response be POSSIBLE to truthfully say": {"question_id": 265566092644466978315081150472810129631, "ans": 3}, "I would be COMFORTABLE with R saying the response": {"question_id": 72837668929438149403004147918027807510, "ans": 4}, "If instead a HUMAN said the response, I would be COMFORTABLE with the response": {"question_id": 7141105672899957594728507362929437279, "ans": 4}}, "Conversation Survey 10/15": {"The response R gave would be POSSIBLE for R to truthfully say": {"question_id": 142504309791125128702768523071538315139, "ans": 4}, "If instead a HUMAN said the response, would the response be POSSIBLE to truthfully say": {"question_id": 201554465694784801061396296879226066372, "ans": 5}, "I would be COMFORTABLE with R saying the response": {"question_id": 155428782603706452936901047172726336201, "ans": 4}, "If instead a HUMAN said the response, I would be COMFORTABLE with the response": {"question_id": 290287168316929138487814774736236741771, "ans": 4}}, "Conversation Survey 11/15": {"The response R gave would be POSSIBLE for R to truthfully say": {"question_id": 174788737663711421933355643756535378997, "ans": 5}, "If instead a HUMAN said the response, would the response be POSSIBLE to truthfully say": {"question_id": 218723929245758084076423743237485409241, "ans": 4}, "I would be COMFORTABLE with R saying the response": {"question_id": 204230341282836110148676308038930085356, "ans": 4}, "If instead a HUMAN said the response, I would be COMFORTABLE with the response": {"question_id": 217026213175877494092352096210928740949, "ans": 4}}, "Conversation Survey 12/15": {"The response R gave would be POSSIBLE for R to truthfully say": {"question_id": 309991449698010392437187547139904809094, "ans": 4}, "If instead a HUMAN said the response, would the response be POSSIBLE to truthfully say": {"question_id": 215901597421387280947016977069217648628, "ans": 5}, "I would be COMFORTABLE with R saying the response": {"question_id": 38157431863988312590167694548078503673, "ans": 4}, "If instead a HUMAN said the response, I would be COMFORTABLE with the response": {"question_id": 167421753281426521018386915091202537916, "ans": 5}}, "Conversation Survey 13/15": {"The response R gave would be POSSIBLE for R to truthfully say": {"question_id": 37490362186842569670280211067356835813, "ans": 5}, "If instead a HUMAN said the response, would the response be POSSIBLE to truthfully say": {"question_id": 178827379227727565587582604817349397394, "ans": 4}, "I would be COMFORTABLE with R saying the response": {"question_id": 143253382667965833277479245079504019148, "ans": 4}, "If instead a HUMAN said the response, I would be COMFORTABLE with the response": {"question_id": 141593695838739119917155741266746710988, "ans": 5}}, "Conversation Survey 14/15": {"The response R gave would be POSSIBLE for R to truthfully say": {"question_id": 78157029833154870271920380734561642636, "ans": 2}, "If instead a HUMAN said the response, would the response be POSSIBLE to truthfully say": {"question_id": 244640471903204259109908425758449057437, "ans": 1}, "I would be COMFORTABLE with R saying the response": {"question_id": 31805452597580933173533989209862122221, "ans": 2}, "If instead a HUMAN said the response, I would be COMFORTABLE with the response": {"question_id": 201844740886877235558301226734786199712, "ans": 1}}, "Conversation Survey 15/15": {"The response R gave would be POSSIBLE for R to truthfully say": {"question_id": 186118739419447898257524997878326032900, "ans": 2}, "If instead a HUMAN said the response, would the response be POSSIBLE to truthfully say": {"question_id": 21962425713521715014704370463620188073, "ans": 1}, "I would be COMFORTABLE with R saying the response": {"question_id": 155401783007910762560840112104190034369, "ans": 2}, "If instead a HUMAN said the response, I would be COMFORTABLE with the response": {"question_id": 174381980045579489626596166050490437333, "ans": 2}}, "Conversation Survey 2/15": {"The response R gave would be POSSIBLE for R to truthfully say": {"question_id": 244074910954946453301545089977359649988, "ans": 3}, "If instead a HUMAN said the response, would the response be POSSIBLE to truthfully say": {"question_id": 147834852944221941392128633108451327706, "ans": 2}, "I would be COMFORTABLE with R saying the response": {"question_id": 262034541050291085442258821439244512187, "ans": 2}, "If instead a HUMAN said the response, I would be COMFORTABLE with the response": {"question_id": 245393214006479946874912870789013319832, "ans": 1}}, "Conversation Survey 3/15": {"The response R gave would be POSSIBLE for R to truthfully say": {"question_id": 57067744414367661291367437117107174221, "ans": 4}, "If instead a HUMAN said the response, would the response be POSSIBLE to truthfully say": {"question_id": 325620862725436950511254072445370874378, "ans": 5}, "I would be COMFORTABLE with R saying the response": {"question_id": 262197107964935050298326686416749172147, "ans": 4}, "If instead a HUMAN said the response, I would be COMFORTABLE with the response": {"question_id": 173403643884973319251942120871302703754, "ans": 3}, "(THIS PAGE ONLY) Please briefly explain your reasoning for your ratings for this response (~2 - 4 sentences). This is only for this page, and helps us better understand which things seem possible for R and what people are comfortable with.": {"question_id": 54749418590090623013002819602246045969, "ans": "Its a normal thing to say. It just sounds natural"}}, "Conversation Survey 4/15": {"The response R gave would be POSSIBLE for R to truthfully say": {"question_id": 105033635935691866172696257056569871383, "ans": 4}, "If instead a HUMAN said the response, would the response be POSSIBLE to truthfully say": {"question_id": 79723772790617408451758557898726329091, "ans": 5}, "I would be COMFORTABLE with R saying the response": {"question_id": 111015698479582519114829287915702041830, "ans": 4}, "If instead a HUMAN said the response, I would be COMFORTABLE with the response": {"question_id": 144583096709082239506752766719659722102, "ans": 4}}, "Conversation Survey 5/15": {"The response R gave would be POSSIBLE for R to truthfully say": {"question_id": 298689325597857262239014086975124894832, "ans": 4}, "If instead a HUMAN said the response, would the response be POSSIBLE to truthfully say": {"question_id": 121209100928711404436440256592391419286, "ans": 5}, "I would be COMFORTABLE with R saying the response": {"question_id": 50474608901780498355086230839213222741, "ans": 4}, "If instead a HUMAN said the response, I would be COMFORTABLE with the response": {"question_id": 54911213182967915855632781543973285766, "ans": 5}}, "Conversation Survey 6/15": {"The response R gave would be POSSIBLE for R to truthfully say": {"question_id": 250914626774429933362836742893277078246, "ans": 5}, "If instead a HUMAN said the response, would the response be POSSIBLE to truthfully say": {"question_id": 40446342512856621213003706526731364249, "ans": 5}, "I would be COMFORTABLE with R saying the response": {"question_id": 107484568196219191440361116214440456426, "ans": 4}, "If instead a HUMAN said the response, I would be COMFORTABLE with the response": {"question_id": 118989195522406599502468522541407583988, "ans": 5}}, "Conversation Survey 7/15": {"The response R gave would be POSSIBLE for R to truthfully say": {"question_id": 170943203632801031045431694806493189395, "ans": 4}, "If instead a HUMAN said the response, would the response be POSSIBLE to truthfully say": {"question_id": 74938457878941732848193172483378126462, "ans": 5}, "I would be COMFORTABLE with R saying the response": {"question_id": 38047824032475957429024973893241947661, "ans": 4}, "If instead a HUMAN said the response, I would be COMFORTABLE with the response": {"question_id": 84198496024404102609927066359376535603, "ans": 4}}, "Conversation Survey 8/15": {"The response R gave would be POSSIBLE for R to truthfully say": {"question_id": 66542911729921232472547772449482623680, "ans": 3}, "If instead a HUMAN said the response, would the response be POSSIBLE to truthfully say": {"question_id": 29030356890724224689306265313920923565, "ans": 2}, "I would be COMFORTABLE with R saying the response": {"question_id": 326383011914670494243949257395245220252, "ans": 2}, "If instead a HUMAN said the response, I would be COMFORTABLE with the response": {"question_id": 61585747944007239244394855324070989956, "ans": 1}}, "Conversation Survey 9/15": {"The response R gave would be POSSIBLE for R to truthfully say": {"question_id": 211297758140109545769941222271327390293, "ans": 3}, "If instead a HUMAN said the response, would the response be POSSIBLE to truthfully say": {"question_id": 7099564211482055808774419559696607415, "ans": 2}, "I would be COMFORTABLE with R saying the response": {"question_id": 198454010001690807836814781285076014661, "ans": 2}, "If instead a HUMAN said the response, I would be COMFORTABLE with the response": {"question_id": 18970259278403128024821922070256810910, "ans": 3}}, "Demographic Questions": {"Age": {"question_id": 9438702690822455817, "ans": "30-49"}, "Gender": {"question_id": 1640457057705936196, "ans": "Male"}, "Highest Education Level Completed": {"question_id": 16013219212403309883, "ans": "Highschool or GED"}, "How often do you use voice assistants (such as Apple Siri, Amazon Alexa, or Google Assistant)": {"question_id": 1469198553196695580, "ans": "Once a week"}}, "Feedback": "{\"feedback_question\":\"no\"}", "mturk": {"assignment_id": "3NGMS9VZTLIQ4V0ZP7Y7H35HZL8FFH", "end_point": "https://www.mturk.com/mturk/externalSubmit", "worker_id": "A2R8IV2PWFTY00"}, "task_id": "7694818f-edf6-4acf-b602-2f3562c7a779"}, {"complete": true, "Conversation Survey 1/15": {"The response R gave would be POSSIBLE for R to truthfully say": {"question_id": 270710361226238400938252491597776480450, "ans": 5}, "If instead a HUMAN said the response, would the response be POSSIBLE to truthfully say": {"question_id": 145495000283503383897753551430880240332, "ans": 5}, "I would be COMFORTABLE with R saying the response": {"question_id": 305808795697540534166622278044378077145, "ans": 5}, "If instead a HUMAN said the response, I would be COMFORTABLE with the response": {"question_id": 40825365041872740969714138508702573032, "ans": 5}}, "Conversation Survey 10/15": {"The response R gave would be POSSIBLE for R to truthfully say": {"question_id": 289351202774723708354418370457967909440, "ans": 2}, "If instead a HUMAN said the response, would the response be POSSIBLE to truthfully say": {"question_id": 196269081985775635110375922560498568399, "ans": 5}, "I would be COMFORTABLE with R saying the response": {"question_id": 3955654669700725477248242519996853175, "ans": 5}, "If instead a HUMAN said the response, I would be COMFORTABLE with the response": {"question_id": 81833271382250673141566380759043233669, "ans": 5}}, "Conversation Survey 11/15": {"The response R gave would be POSSIBLE for R to truthfully say": {"question_id": 209138718441136268141257639970636269211, "ans": 5}, "If instead a HUMAN said the response, would the response be POSSIBLE to truthfully say": {"question_id": 23354391710284268905666767526102088656, "ans": 5}, "I would be COMFORTABLE with R saying the response": {"question_id": 25365335460284666220542886172574298631, "ans": 4}, "If instead a HUMAN said the response, I would be COMFORTABLE with the response": {"question_id": 200751997056475850175790361333638976437, "ans": 4}}, "Conversation Survey 12/15": {"The response R gave would be POSSIBLE for R to truthfully say": {"question_id": 336063018700217253842176552649460598301, "ans": 1}, "If instead a HUMAN said the response, would the response be POSSIBLE to truthfully say": {"question_id": 154558450871426070877010372342598569406, "ans": 5}, "I would be COMFORTABLE with R saying the response": {"question_id": 179217731591728707193081006464587217837, "ans": 4}, "If instead a HUMAN said the response, I would be COMFORTABLE with the response": {"question_id": 130593224993511578545636393929004379451, "ans": 5}}, "Conversation Survey 13/15": {"The response R gave would be POSSIBLE for R to truthfully say": {"question_id": 168904971587687756912489286409451741103, "ans": 1}, "If instead a HUMAN said the response, would the response be POSSIBLE to truthfully say": {"question_id": 168834782955725252735398145489783282480, "ans": 5}, "I would be COMFORTABLE with R saying the response": {"question_id": 310881863758407363628397757557991659608, "ans": 5}, "If instead a HUMAN said the response, I would be COMFORTABLE with the response": {"question_id": 127269688003516210233780412595797313792, "ans": 5}}, "Conversation Survey 14/15": {"The response R gave would be POSSIBLE for R to truthfully say": {"question_id": 238878418713031773909685059488496846608, "ans": 1}, "If instead a HUMAN said the response, would the response be POSSIBLE to truthfully say": {"question_id": 138183458871207220126790754472080807682, "ans": 5}, "I would be COMFORTABLE with R saying the response": {"question_id": 245469422823022919659639112507155219341, "ans": 5}, "If instead a HUMAN said the response, I would be COMFORTABLE with the response": {"question_id": 240906098419574103130880613185400792408, "ans": 5}}, "Conversation Survey 15/15": {"The response R gave would be POSSIBLE for R to truthfully say": {"question_id": 55003493229269258636092083380237155872, "ans": 1}, "If instead a HUMAN said the response, would the response be POSSIBLE to truthfully say": {"question_id": 239905464199357818090576626087641416137, "ans": 5}, "I would be COMFORTABLE with R saying the response": {"question_id": 116959954137530204834715907192131994661, "ans": 5}, "If instead a HUMAN said the response, I would be COMFORTABLE with the response": {"question_id": 314947946052540385616447274128325654182, "ans": 5}}, "Conversation Survey 2/15": {"The response R gave would be POSSIBLE for R to truthfully say": {"question_id": 140704096293712477286068715475244369216, "ans": 1}, "If instead a HUMAN said the response, would the response be POSSIBLE to truthfully say": {"question_id": 90256452947749908203510265786962228213, "ans": 5}, "I would be COMFORTABLE with R saying the response": {"question_id": 196121386178117714818361389250916026491, "ans": 2}, "If instead a HUMAN said the response, I would be COMFORTABLE with the response": {"question_id": 184871399065644795871882197998382427065, "ans": 5}}, "Conversation Survey 3/15": {"The response R gave would be POSSIBLE for R to truthfully say": {"question_id": 222061169625285328056824435947177102617, "ans": 5}, "If instead a HUMAN said the response, would the response be POSSIBLE to truthfully say": {"question_id": 77731602703081212955969134995311001709, "ans": 5}, "I would be COMFORTABLE with R saying the response": {"question_id": 90058186299566696963402666321161468907, "ans": 5}, "If instead a HUMAN said the response, I would be COMFORTABLE with the response": {"question_id": 25591871629435941494034116229943152379, "ans": 5}}, "Conversation Survey 4/15": {"The response R gave would be POSSIBLE for R to truthfully say": {"question_id": 107568326815135738081311085734040270086, "ans": 4}, "If instead a HUMAN said the response, would the response be POSSIBLE to truthfully say": {"question_id": 135585762661647825893964503193351529725, "ans": 5}, "I would be COMFORTABLE with R saying the response": {"question_id": 794963341706895738121750111914820083, "ans": 5}, "If instead a HUMAN said the response, I would be COMFORTABLE with the response": {"question_id": 240907537544244003810296754606110801136, "ans": 5}}, "Conversation Survey 5/15": {"The response R gave would be POSSIBLE for R to truthfully say": {"question_id": 106987500237744015740658405279510805209, "ans": 2}, "If instead a HUMAN said the response, would the response be POSSIBLE to truthfully say": {"question_id": 77124496285526182783758601809287538821, "ans": 3}, "I would be COMFORTABLE with R saying the response": {"question_id": 82527756007642172719249554969040781947, "ans": 4}, "If instead a HUMAN said the response, I would be COMFORTABLE with the response": {"question_id": 116270441771262807457413333030072542291, "ans": 5}, "(THIS PAGE ONLY) Please briefly explain your reasoning for your ratings for this response (~2 - 4 sentences). This is only for this page, and helps us better understand which things seem possible for R and what people are comfortable with.": {"question_id": 42179018192125023965662790899541874282, "ans": "That is just strange for a bot to say. It doesn't seem realistic and it seems like something that wouldn't be appropriate for a bot to say."}}, "Conversation Survey 6/15": {"The response R gave would be POSSIBLE for R to truthfully say": {"question_id": 282000142634621336702291538941360952341, "ans": 2}, "If instead a HUMAN said the response, would the response be POSSIBLE to truthfully say": {"question_id": 224712632227726776284751050090459121451, "ans": 5}, "I would be COMFORTABLE with R saying the response": {"question_id": 89898606094067720225415109915340167818, "ans": 5}, "If instead a HUMAN said the response, I would be COMFORTABLE with the response": {"question_id": 14194818549598878136611933690314035338, "ans": 5}}, "Conversation Survey 7/15": {"The response R gave would be POSSIBLE for R to truthfully say": {"question_id": 287234476641626910819598378188744469283, "ans": 5}, "If instead a HUMAN said the response, would the response be POSSIBLE to truthfully say": {"question_id": 117627923439781717977340285701977076443, "ans": 5}, "I would be COMFORTABLE with R saying the response": {"question_id": 265577034377314258297519900153421285544, "ans": 5}, "If instead a HUMAN said the response, I would be COMFORTABLE with the response": {"question_id": 115041975311778564359135969581316313895, "ans": 5}}, "Conversation Survey 8/15": {"The response R gave would be POSSIBLE for R to truthfully say": {"question_id": 235378389982041195363769829863378718404, "ans": 1}, "If instead a HUMAN said the response, would the response be POSSIBLE to truthfully say": {"question_id": 106294609157157563668978718666976454134, "ans": 2}, "I would be COMFORTABLE with R saying the response": {"question_id": 265712730155369994769069760257352250666, "ans": 2}, "If instead a HUMAN said the response, I would be COMFORTABLE with the response": {"question_id": 32954370734636625759450049216023948001, "ans": 2}}, "Conversation Survey 9/15": {"The response R gave would be POSSIBLE for R to truthfully say": {"question_id": 218332248147972169208306372792588269394, "ans": 3}, "If instead a HUMAN said the response, would the response be POSSIBLE to truthfully say": {"question_id": 170772973149951090267666046792008888521, "ans": 5}, "I would be COMFORTABLE with R saying the response": {"question_id": 222181788487572320712585952336643518853, "ans": 5}, "If instead a HUMAN said the response, I would be COMFORTABLE with the response": {"question_id": 307016247349987240731773750987074726285, "ans": 5}}, "Demographic Questions": {"Age": {"question_id": 9438702690822455817, "ans": "30-49"}, "Gender": {"question_id": 1640457057705936196, "ans": "Male"}, "Highest Education Level Completed": {"question_id": 16013219212403309883, "ans": "Highschool or GED"}, "How often do you use voice assistants (such as Apple Siri, Amazon Alexa, or Google Assistant)": {"question_id": 1469198553196695580, "ans": "Once a day"}}, "Feedback": "{}", "mturk": {"assignment_id": "3Q5C1WP23M17CJD2CW6D6PAA9HB51N", "end_point": "https://www.mturk.com/mturk/externalSubmit", "worker_id": "AOIR8V07FYMH5"}, "task_id": "1816ce0c-7057-491b-a087-198959140e62"}]