Transaction ID,Date Initiated,Date Posted,Transaction Type,Payment Method,Recipient ID,Amount,HIT ID,Assignment ID
3V29MFRZVXIU11YKX8F026QWBOEY66,2022-03-11 15:50:42 -0800,2022-03-11 20:29:17 -0800,AssignmentPayment,,A308KDUCZZEVCH,-1.400,3YLTXLH3DF6KNKJ68YDA7YZ9PNOPHZ,3DZQRBDBSLF4SOPSBWX4NTZZJ1JS3K
32V47PVBTRH30WUVPY8O53THCRTTTS,2022-03-11 15:50:42 -0800,2022-03-11 18:43:15 -0800,FeePayment,,Mechanical Turk,-0.280,3YLTXLH3DF6KNKJ68YDA7YZ9PNOPHZ,3DZQRBDBSLF4SOPSBWX4NTZZJ1JS3K
3X0OAUF5EGCID6DIH16U4PT27PO1UE,2022-03-11 15:56:42 -0800,2022-03-11 18:20:59 -0800,AssignmentPayment,,A2RBF3IIJP15IH,-1.400,3DFYDSXB2W0T6VMSDKFPTH2NAWKUJ5,3CP1TO84PT1E14VYV06RB8KFZ3C52L
3MQZJ3QQRU16C8H9A8AEVNZYZT9XG6,2022-03-11 15:56:42 -0800,2022-03-11 18:43:15 -0800,FeePayment,,Mechanical Turk,-0.280,3DFYDSXB2W0T6VMSDKFPTH2NAWKUJ5,3CP1TO84PT1E14VYV06RB8KFZ3C52L
3WPV5GDOTU3DARMUC4MBMRZUCT2Z7X,2022-03-11 15:57:42 -0800,2022-03-11 17:54:31 -0800,AssignmentPayment,,AX8NXTT8QMGHC,-1.400,3Y3N5A7N4G90OCCIQIP6CU0HAEQMYZ,3V0Z7YWSIY0VZYAD1RO4F6EECRDV2H
3X6OD7DWT3II099KP3YYAZFJV50UTK,2022-03-11 15:57:42 -0800,2022-03-11 18:43:15 -0800,FeePayment,,Mechanical Turk,-0.280,3Y3N5A7N4G90OCCIQIP6CU0HAEQMYZ,3V0Z7YWSIY0VZYAD1RO4F6EECRDV2H
317AJY672874YZ16O1EGAC86ER5HFU,2022-03-11 16:12:42 -0800,2022-03-11 19:48:01 -0800,AssignmentPayment,,A3CMRHZ3ZFFC9V,-1.400,3TUOHPJXYHX7TJGMPO9R2EVZ6AAWXU,3BGYGHDBBXKM27CBDH4TD1H3FTL22H
3R1QARTSK91VANMP1POZUTS0HMFD1L,2022-03-11 16:12:42 -0800,2022-03-11 18:43:15 -0800,FeePayment,,Mechanical Turk,-0.280,3TUOHPJXYHX7TJGMPO9R2EVZ6AAWXU,3BGYGHDBBXKM27CBDH4TD1H3FTL22H
3D8R5UYTSGNXRISG3H602IOIHRSCI7,2022-03-11 16:13:42 -0800,2022-03-11 18:50:59 -0800,AssignmentPayment,,A35RU5DFLIXEHP,-1.400,32L724R85LKKJFUQEGVV7A0OP03PIS,3FE7TXL1LIN3UQEWFSUU9JF6VZYQ2I
3XE0IXEMGHR0LRNH7ZWL6ZL2IFS84N,2022-03-11 16:13:42 -0800,2022-03-11 18:43:15 -0800,FeePayment,,Mechanical Turk,-0.280,32L724R85LKKJFUQEGVV7A0OP03PIS,3FE7TXL1LIN3UQEWFSUU9JF6VZYQ2I
3M6VSDLHPGLA49TNAOIT52SFBSHHM1,2022-03-11 16:14:42 -0800,2022-03-11 21:02:53 -0800,AssignmentPayment,,A14EYTLSMJRPUK,-1.400,3VEI3XUCZRXXCEX943P4L21FCWMRPY,3OF2M9AATGO7PYJDRUJB08D4H25ZK7
3R1D8434CBFDLN6A0AXE93F8VSLD85,2022-03-11 16:14:42 -0800,2022-03-11 18:43:15 -0800,FeePayment,,Mechanical Turk,-0.280,3VEI3XUCZRXXCEX943P4L21FCWMRPY,3OF2M9AATGO7PYJDRUJB08D4H25ZK7
3ZFH44Y6JUO69LN1EQOGE0U69UVHWS,2022-03-11 16:15:42 -0800,2022-03-11 19:04:04 -0800,AssignmentPayment,,A3TBG0S2IEBVHU,-1.400,3GL25Y6843UBO7M8LM34TGT888WMXT,3OJSZ2ATDSWLN5S41CNM7Z1NAJY753
3YQV4YRHC7Y6EY733ERKMG87YBBDHK,2022-03-11 16:15:42 -0800,2022-03-11 18:43:15 -0800,FeePayment,,Mechanical Turk,-0.280,3GL25Y6843UBO7M8LM34TGT888WMXT,3OJSZ2ATDSWLN5S41CNM7Z1NAJY753
3NIMF26XA8F6UAXZ2GW95Q1AF7GUQE,2022-03-15 14:03:13 -0700,2022-03-15 18:43:18 -0700,AssignmentPayment,,A308KDUCZZEVCH,-1.400,3M67TQBQQHOKLAVLL37L4MCQ7R19A4,3TS1AR6UQQEDP2LT7O0VTBS0ZT87FE
3L9L1KXG2IGQCU8M88N804C8MJVQBY,2022-03-15 14:03:13 -0700,2022-03-15 20:26:13 -0700,FeePayment,,Mechanical Turk,-0.280,3M67TQBQQHOKLAVLL37L4MCQ7R19A4,3TS1AR6UQQEDP2LT7O0VTBS0ZT87FE
36YL7ZJW3LD88E5MCSK4EOTQE2QR8W,2022-03-15 14:04:13 -0700,2022-03-15 20:42:52 -0700,AssignmentPayment,,A1C2M60C697879,-1.400,3S37Y8CWI80GVHSC5D7M53Y1DIPW45,33LKR6A5KEK9XLOSDSOB95GONGG1TJ
3AYA7134CHVENEJ0G6XMOLKR135MUO,2022-03-15 14:04:13 -0700,2022-03-15 20:26:13 -0700,FeePayment,,Mechanical Turk,-0.280,3S37Y8CWI80GVHSC5D7M53Y1DIPW45,33LKR6A5KEK9XLOSDSOB95GONGG1TJ
3BAZW0UGNGKF3COLTQD3IC4CEGXUYH,2022-03-15 14:05:13 -0700,2022-03-15 18:13:37 -0700,AssignmentPayment,,A23XCJGBNFTGP2,-1.400,3S8A4GJRD33HVFWLYRV5GZZ120U6VR,3IXQG4FA2TYRQ4X6HJCJOHSLFL49BA
33YQ4F1THBVWUD6YW00PYSVLUO4QJJ,2022-03-15 14:05:13 -0700,2022-03-15 20:26:13 -0700,FeePayment,,Mechanical Turk,-0.280,3S8A4GJRD33HVFWLYRV5GZZ120U6VR,3IXQG4FA2TYRQ4X6HJCJOHSLFL49BA
31ROMZDVX69EK9FIIA9SBCOOPW3VAX,2022-03-15 14:08:13 -0700,2022-03-15 19:05:39 -0700,AssignmentPayment,,A2G43KS55YGYQE,-1.400,3JMNNNO3B146S3DP1ZOYCO13T4TW29,3E7TUJ2EGCMK51VQVF3PJ7GLI6G9DH
3YZS5OQQK105L86SDPE81G6FPBBQV4,2022-03-15 14:08:13 -0700,2022-03-15 20:26:13 -0700,FeePayment,,Mechanical Turk,-0.280,3JMNNNO3B146S3DP1ZOYCO13T4TW29,3E7TUJ2EGCMK51VQVF3PJ7GLI6G9DH
38NYPDSI1KS2DOCG2O5JH7ECPZOVCZ,2022-03-15 14:09:13 -0700,2022-03-15 18:46:34 -0700,AssignmentPayment,,A3M1NU05K805GJ,-1.400,33KGGVH24UHESI0JS0K69O55A0M1XR,31EUONYN2V3965ZIOPM1MJHHDC5OV8
3ONS89230GDXPXBND4FQP1305MJQX7,2022-03-15 14:09:13 -0700,2022-03-15 20:26:13 -0700,FeePayment,,Mechanical Turk,-0.280,33KGGVH24UHESI0JS0K69O55A0M1XR,31EUONYN2V3965ZIOPM1MJHHDC5OV8
3IQC40WWK8LHAMWUYFBE7VEFAB1VES,2022-03-15 14:09:13 -0700,2022-03-15 21:06:41 -0700,AssignmentPayment,,A3KP8KFGG6734Q,-1.400,3HXCEECSQMT0NJB157F0KWWQPLSYZI,3N4BPTXIO8SQ3ZP3L7K3JGYPF0MUK5
3OQDKMIID8HMUSB2EM3BMMJBDMHQZ4,2022-03-15 14:09:13 -0700,2022-03-15 20:26:13 -0700,FeePayment,,Mechanical Turk,-0.280,3HXCEECSQMT0NJB157F0KWWQPLSYZI,3N4BPTXIO8SQ3ZP3L7K3JGYPF0MUK5
3W5Z8EFKDNIFU0SL4A127YZRNRGVG9,2022-03-15 14:09:13 -0700,2022-03-15 17:06:11 -0700,AssignmentPayment,,A11LSO6D7BMY99,-1.400,3WPCIUYH1A813W7B3J34LNL8M11DTA,3TVSS0C0E102YM4VAGDW2V6IJTOWTC
36VYHQ8D9B5PBX5UJQJJZI94WT6R1H,2022-03-15 14:09:13 -0700,2022-03-15 20:26:13 -0700,FeePayment,,Mechanical Turk,-0.280,3WPCIUYH1A813W7B3J34LNL8M11DTA,3TVSS0C0E102YM4VAGDW2V6IJTOWTC
3ZLO7J30NS92HQRBT1QYEBU6XPRPMQ,2022-03-15 14:10:13 -0700,2022-03-15 17:47:31 -0700,AssignmentPayment,,A3774HPOUKYTX7,-1.400,3VGET1QSZ0ZDE4AV7B5T8FIB4KFW7P,3NKQQ8O39Y5IPTJTTQYGF33ZVRPUDS
3UI1CATC9LESJLPJ3M3WEGRITNHL7I,2022-03-15 14:10:13 -0700,2022-03-15 20:26:13 -0700,FeePayment,,Mechanical Turk,-0.280,3VGET1QSZ0ZDE4AV7B5T8FIB4KFW7P,3NKQQ8O39Y5IPTJTTQYGF33ZVRPUDS
3LLGHFPBQQ4FMAO7FDZXK3JOJDSVMH,2022-03-15 14:11:13 -0700,2022-03-15 20:00:18 -0700,AssignmentPayment,,A22HIX1M4QXZBB,-1.400,38B7Q9C28G5JY8JIVQQ9OHA4B8B96E,3EJPLAJKEMG0QJYOPQPAQP8MGNHZ6U
349EFWT4JH03MJKW860S0S0HZF6R7E,2022-03-15 14:11:13 -0700,2022-03-15 20:26:13 -0700,FeePayment,,Mechanical Turk,-0.280,38B7Q9C28G5JY8JIVQQ9OHA4B8B96E,3EJPLAJKEMG0QJYOPQPAQP8MGNHZ6U
3SEICYY4FBZ9NE3AB0B8U7LJE4HS2I,2022-03-15 14:13:13 -0700,2022-03-15 17:07:08 -0700,AssignmentPayment,,A2ZVXYMQ3B5O6F,-1.400,3TD33TP5DL2393AIJNLHVS7GVR4BAG,3S4AW7T80BI267D6R15MLCDA5N44LW
3HH2L57EWPHPSRK3WL0D2UH2O7RNOC,2022-03-15 14:13:13 -0700,2022-03-15 20:26:13 -0700,FeePayment,,Mechanical Turk,-0.280,3TD33TP5DL2393AIJNLHVS7GVR4BAG,3S4AW7T80BI267D6R15MLCDA5N44LW
3V20CBKUXM644U7006HCU37DV43SK4,2022-03-15 14:16:13 -0700,2022-03-15 18:26:52 -0700,AssignmentPayment,,A23UCIEC1RFSRD,-1.400,3H5TOKO3D9JI12D6EVUI79ZOPGX46D,3M23Y66PO273P7CAUYV2UWBJT8HS6I
39NIHUWEQTJHL6EBX4EW0JVGTH2O63,2022-03-15 14:16:13 -0700,2022-03-15 20:26:13 -0700,FeePayment,,Mechanical Turk,-0.280,3H5TOKO3D9JI12D6EVUI79ZOPGX46D,3M23Y66PO273P7CAUYV2UWBJT8HS6I
3VIDYDX5QJZX2U1I34C5K6GJ6YA535,2022-03-15 14:18:13 -0700,2022-03-15 19:47:00 -0700,AssignmentPayment,,AS4FVWL91C6HR,-1.400,32K26U12DNOGGOB08E3JM59TJMHDVQ,3M0NZ3JDP1Y47FYAK7F5YJUMKS6Z5E
3NVI1SL4JPV4SV4XAFBUGIQFQJD0PW,2022-03-15 14:18:13 -0700,2022-03-15 20:26:13 -0700,FeePayment,,Mechanical Turk,-0.280,32K26U12DNOGGOB08E3JM59TJMHDVQ,3M0NZ3JDP1Y47FYAK7F5YJUMKS6Z5E
3W41L0HXNRFVZU1HPK0FIE18IBCSW0,2022-03-15 14:19:13 -0700,2022-03-15 18:46:34 -0700,AssignmentPayment,,A3M1NU05K805GJ,-1.400,3VJ4PFXFJ37I52JOJE2C0IZ4KCAUAF,37ZHEEHM6WMI9Q50NTZTS233W33735
3507PEQ6L9VXEQ9CZ5NLXMLL28XOIX,2022-03-15 14:19:13 -0700,2022-03-15 20:26:13 -0700,FeePayment,,Mechanical Turk,-0.280,3VJ4PFXFJ37I52JOJE2C0IZ4KCAUAF,37ZHEEHM6WMI9Q50NTZTS233W33735
32P44CXKE4B3DTYTHWGKZT70OHHT1R,2022-03-15 14:19:13 -0700,2022-03-15 18:46:41 -0700,AssignmentPayment,,A47URLTFK9TX7,-1.400,33BFF6QPI1BVDL985Z23VY6VZITW3K,39LNWE0K4UWZX4ZFL4ZR60JCNWXUIU
37CAFR7I1EXJA9Z3KKLDPFS2JHHOMD,2022-03-15 14:19:13 -0700,2022-03-15 20:26:13 -0700,FeePayment,,Mechanical Turk,-0.280,33BFF6QPI1BVDL985Z23VY6VZITW3K,39LNWE0K4UWZX4ZFL4ZR60JCNWXUIU
3WY189A6PAPCW28HIP17O0HTP3S5HC,2022-03-15 14:21:13 -0700,2022-03-15 20:27:04 -0700,AssignmentPayment,,APVJEN2541WFB,-1.400,3R0WOCG21M9G39M03OTEQJ7A5F8DU1,3MH9DQ757WCL1DTKVGZOLO6W8J5UG2
38ML1II3O8OXSVKS80INHK6OQFR13O,2022-03-15 14:21:13 -0700,2022-03-15 20:26:13 -0700,FeePayment,,Mechanical Turk,-0.280,3R0WOCG21M9G39M03OTEQJ7A5F8DU1,3MH9DQ757WCL1DTKVGZOLO6W8J5UG2
3FRUJA39T4VP9V7K1FO1XE9UGQO5Q8,2022-03-15 14:23:13 -0700,2022-03-15 20:42:52 -0700,AssignmentPayment,,A1C2M60C697879,-1.400,39WICJI5ATSZ7GEDGMMAU20DGKXZ3D,32RIADZISS4PAK8WBA2NXYR5XHBS4X
3R1QARTSK91VANMP1POZUTS0HSG1DM,2022-03-15 14:23:13 -0700,2022-03-15 20:26:13 -0700,FeePayment,,Mechanical Turk,-0.280,39WICJI5ATSZ7GEDGMMAU20DGKXZ3D,32RIADZISS4PAK8WBA2NXYR5XHBS4X
3S16BCHR44FA8GGZGPB9BKF487ACQN,2022-03-15 14:24:13 -0700,2022-03-15 18:56:42 -0700,AssignmentPayment,,AQ3J0BIA96PXM,-1.400,3VQTAXTYN3LNOCOGPS28VTJA2UVUBA,39GAF6DQWR0OADSHINOQAN49K1W1VZ
3VRAUPG0YSRK6Q8QME68EDR8SDA8B6,2022-03-15 14:24:13 -0700,2022-03-15 20:26:13 -0700,FeePayment,,Mechanical Turk,-0.280,3VQTAXTYN3LNOCOGPS28VTJA2UVUBA,39GAF6DQWR0OADSHINOQAN49K1W1VZ
36XXH77F470MLWVC8T0E6KU5QVVCSC,2022-03-15 14:24:13 -0700,2022-03-15 19:42:27 -0700,AssignmentPayment,,A2QTL039A5VV3I,-1.400,3HUR21WDDUPBIOBM4PRFNBGFHLUYXL,3ZQIG0FLQEGHBE8KFBDB3DU3GE4WVS
3R1D8434CBFDLN6A0AXE93F8VYM8DD,2022-03-15 14:24:13 -0700,2022-03-15 20:26:13 -0700,FeePayment,,Mechanical Turk,-0.280,3HUR21WDDUPBIOBM4PRFNBGFHLUYXL,3ZQIG0FLQEGHBE8KFBDB3DU3GE4WVS
3SEICYY4FBZ9NE3AB0B8U7LJE4I2ST,2022-03-15 14:25:13 -0700,2022-03-15 20:42:58 -0700,AssignmentPayment,,A2TXZVXQU5FQZ9,-1.400,3MDWE879UH2P4K0DRH7HZXWWP9M9BZ,3HMVI3QICJS5E7NMNYBAHM832IY1Y8
35B1WX83T99S0TXSDEV88G3AODOYDG,2022-03-15 14:25:13 -0700,2022-03-15 20:26:13 -0700,FeePayment,,Mechanical Turk,-0.280,3MDWE879UH2P4K0DRH7HZXWWP9M9BZ,3HMVI3QICJS5E7NMNYBAHM832IY1Y8
34YCVQ1QHH70P2U6Q66PLQSP7AC6N2,2022-03-15 14:27:13 -0700,2022-03-15 19:00:14 -0700,AssignmentPayment,,A7USTT4KU1ZBO,-1.400,3TZ0XG8CBUK62M26O5N78V6VH31980,3PW9OPU9PQKFDMUFUD4F8I7YN3321S
3A4GE1BB5TZQWIR48DJBDGJFIDF29N,2022-03-15 14:27:13 -0700,2022-03-15 20:26:13 -0700,FeePayment,,Mechanical Turk,-0.280,3TZ0XG8CBUK62M26O5N78V6VH31980,3PW9OPU9PQKFDMUFUD4F8I7YN3321S
3O9MMOJOEOC6KVKWFMTE241DVEFFLC,2022-03-15 14:28:13 -0700,2022-03-15 18:32:15 -0700,AssignmentPayment,,A1E7BJD2B86I1V,-1.400,3IWA71V4TIG9Z41GY6WN4KWMIB26XU,304SM51WA349VJT5QPCA5CXB79SSB3
3VRAUPG0YSRK6Q8QME68EDR8SDAB89,2022-03-15 14:28:13 -0700,2022-03-15 20:26:13 -0700,FeePayment,,Mechanical Turk,-0.280,3IWA71V4TIG9Z41GY6WN4KWMIB26XU,304SM51WA349VJT5QPCA5CXB79SSB3
3EM3Y4OQ0KVWBGZU7EMLJLAX0OGFPA,2022-03-15 14:29:13 -0700,2022-03-15 17:41:55 -0700,AssignmentPayment,,A2FP41BSPG0Y4A,-1.400,3P7QK0GJ3TLAMYIUCM85BSVLA6XZ22,3YW4XOSQKQLOXY3HDXELE12Q6UN1UA
3O56BHFXHF938O6XPQQI5FH90JVBB8,2022-03-15 14:29:13 -0700,2022-03-15 20:26:13 -0700,FeePayment,,Mechanical Turk,-0.280,3P7QK0GJ3TLAMYIUCM85BSVLA6XZ22,3YW4XOSQKQLOXY3HDXELE12Q6UN1UA
3KSQM2O7OT4CYVGRQ6ZWKP1PWTFGLC,2022-03-15 14:34:13 -0700,2022-03-15 20:00:24 -0700,AssignmentPayment,,A11SO2SJEL5GOM,-1.400,3T2HW4QDUV78EPSJ5H3CAH2E7UM9C6,3Z7ISHFUH0VNUXHCI5M8A34DMI7Z8G
3HS25E3UVSHGCHH87Z555J1Z43KC6V,2022-03-15 14:34:13 -0700,2022-03-15 20:26:13 -0700,FeePayment,,Mechanical Turk,-0.280,3T2HW4QDUV78EPSJ5H3CAH2E7UM9C6,3Z7ISHFUH0VNUXHCI5M8A34DMI7Z8G
3D7NKM23FZZ2MVJC2JFBXH5E1OFGNE,2022-03-15 14:34:13 -0700,2022-03-15 19:30:05 -0700,AssignmentPayment,,A2CIGJHXAC1I5X,-1.400,3CESM1J3EI3UA4WQO10121IF99W6W1,3MYYFCXHJ37MKFZ5GA868K8296I4GQ
32GVCLZ4Y6W3GV0W0E23PXXQAYAC8H,2022-03-15 14:34:13 -0700,2022-03-15 20:26:13 -0700,FeePayment,,Mechanical Turk,-0.280,3CESM1J3EI3UA4WQO10121IF99W6W1,3MYYFCXHJ37MKFZ5GA868K8296I4GQ
3UISN4IU2COB5O0DLXKAXZF7BEGF8Q,2022-03-15 14:37:13 -0700,2022-03-15 19:52:52 -0700,AssignmentPayment,,A347RDI3HZOUCY,-1.400,3S829FDFT218KDGV8T41AQ6EZXPDXT,3XLBSAQ9Z4CJUJCT80U2W38IBY1Z7T
3VTY6393JLZYL0VMJYH7AY3PO8AAT2,2022-03-15 14:37:13 -0700,2022-03-15 20:26:13 -0700,FeePayment,,Mechanical Turk,-0.280,3S829FDFT218KDGV8T41AQ6EZXPDXT,3XLBSAQ9Z4CJUJCT80U2W38IBY1Z7T
35XZP4A7YU1LYLSROVK2GJ8DI22HXY,2022-03-15 14:38:13 -0700,2022-03-15 17:29:04 -0700,AssignmentPayment,,A18T3WK7J16C1B,-1.400,3MQKOF1EE2OTVDB5YO8F87S7QVJDW0,3ZPPDN2SLVWPX79QRAE9PPY6IIH9EA
32Q99H1M4DC6ATIN9W95MS9MYURDIQ,2022-03-15 14:38:13 -0700,2022-03-15 20:26:13 -0700,FeePayment,,Mechanical Turk,-0.280,3MQKOF1EE2OTVDB5YO8F87S7QVJDW0,3ZPPDN2SLVWPX79QRAE9PPY6IIH9EA
3FJ4FWECRZ8UTS36DON7P3RG4R5W53,2022-03-15 14:40:13 -0700,2022-03-15 19:48:59 -0700,AssignmentPayment,,A1CU9V03AU45JV,-1.400,3CESM1J3EI3UA4WQO10121IF99VW6Q,3U84XHCDICDMBWUA62WVTRO8KWBZ49
3WDWMYZ5538DS1PB459Y0JHC45ZRQD,2022-03-15 14:40:13 -0700,2022-03-15 20:26:13 -0700,FeePayment,,Mechanical Turk,-0.280,3CESM1J3EI3UA4WQO10121IF99VW6Q,3U84XHCDICDMBWUA62WVTRO8KWBZ49
3YDGVF13TPFFELTKPC5DQP0BMTNKHC,2022-03-15 14:41:13 -0700,2022-03-15 20:42:52 -0700,AssignmentPayment,,A1C2M60C697879,-1.400,3V0TR1NRVA2JO4P948BUNE1ALZN4A3,382M9COHEHFNHZXTPL90LLLKV3QUEL
3DR128QPIAPXAPXZ42RJ348E601G5T,2022-03-15 14:41:13 -0700,2022-03-15 20:26:13 -0700,FeePayment,,Mechanical Turk,-0.280,3V0TR1NRVA2JO4P948BUNE1ALZN4A3,382M9COHEHFNHZXTPL90LLLKV3QUEL
3H696GU6XJLSRESN82S7Z3SCDGJKQ8,2022-03-15 14:42:13 -0700,2022-03-15 18:27:22 -0700,AssignmentPayment,,AKNYT1NTK2UFK,-1.400,3RDTX9JRTY1228XNE0V1UVA06JV97D,3BXQMRHWKZYLTNP66JXJYTQT45HUMA
3JCSCEL3TW4ZZ5E85CIW6Q86GWNGBU,2022-03-15 14:42:13 -0700,2022-03-15 20:26:13 -0700,FeePayment,,Mechanical Turk,-0.280,3RDTX9JRTY1228XNE0V1UVA06JV97D,3BXQMRHWKZYLTNP66JXJYTQT45HUMA
3SZC56ZF8RRWEUEWEK55SJXUKURWTU,2022-03-15 14:50:13 -0700,2022-03-15 19:15:01 -0700,AssignmentPayment,,A2RBF3IIJP15IH,-1.400,33N1S8XHHML3XD0YTI8R69LGI0K1ZO,3E47SOBEYQW3BAIFZDERCUX6GWUCI6
3GXB4YAMLNZ0WDZJA3E3WCXU74USEQ,2022-03-15 14:50:13 -0700,2022-03-15 20:26:13 -0700,FeePayment,,Mechanical Turk,-0.280,33N1S8XHHML3XD0YTI8R69LGI0K1ZO,3E47SOBEYQW3BAIFZDERCUX6GWUCI6
3YU2T620K47BRMILJF5KT1LFHF7WVA,2022-03-15 14:50:13 -0700,2022-03-15 18:50:27 -0700,AssignmentPayment,,AOXCDFCC4B3FF,-1.400,3AQN9REUTFGXKI65DPQ3T4DN13JDYZ,39GHHAVOMFRWBHP6OGT95X0I1YZ4JU
3UCY8CTAE2WYGRVAGY4RWFI6KK9SG7,2022-03-15 14:50:13 -0700,2022-03-15 20:26:13 -0700,FeePayment,,Mechanical Turk,-0.280,3AQN9REUTFGXKI65DPQ3T4DN13JDYZ,39GHHAVOMFRWBHP6OGT95X0I1YZ4JU
3NJMZFXPN6F156TEVYBKQW4GIJ4ZKH,2022-03-15 14:51:13 -0700,2022-03-15 18:55:54 -0700,AssignmentPayment,,ATH8AMGN0M40Q,-1.400,309D674SHZLR2I7G31H81NX4VUPBCI,392CY0QWG1R0G6506Y89TWLIOJA4II
3VAM5FDTOCEGSMNUTXQ535BOTFPV5X,2022-03-15 14:51:13 -0700,2022-03-15 20:26:13 -0700,FeePayment,,Mechanical Turk,-0.280,309D674SHZLR2I7G31H81NX4VUPBCI,392CY0QWG1R0G6506Y89TWLIOJA4II
3BC1WDH3JXLWVUTHGAO059WK7OZZMM,2022-03-15 14:51:13 -0700,2022-03-15 20:07:51 -0700,AssignmentPayment,,AQW8MHQYKBF0R,-1.400,32TMVRKDGNY55GWU7ARGRNVFVBN48Z,3QUO65DNQUO9TQAIJZCWQXFYZ5WOUJ
36VAYMKPYFSVFQ1DHQ521PPKKLKV7C,2022-03-15 14:51:13 -0700,2022-03-15 20:26:13 -0700,FeePayment,,Mechanical Turk,-0.280,32TMVRKDGNY55GWU7ARGRNVFVBN48Z,3QUO65DNQUO9TQAIJZCWQXFYZ5WOUJ
3RMDA2LRHL0B78P5O3A6U85FNPXXBY,2022-03-15 14:53:13 -0700,2022-03-15 20:45:21 -0700,AssignmentPayment,,A1MKEILXWWLBW2,-1.400,32FESTC2NHQ6YHGM3SY36DPSKFVUCH,3J4Q2Z4UTY3P66C3TCJ1XQVVZMPWQY
3K14EGT60WDY2IGAA4QX3FPAPGZSY5,2022-03-15 14:53:13 -0700,2022-03-15 20:26:13 -0700,FeePayment,,Mechanical Turk,-0.280,32FESTC2NHQ6YHGM3SY36DPSKFVUCH,3J4Q2Z4UTY3P66C3TCJ1XQVVZMPWQY
33UKKB63VN42XK12JUSAFI5VR6M01O,2022-03-15 14:55:13 -0700,2022-03-15 20:18:15 -0700,AssignmentPayment,,A26M997VYVK0E6,-1.400,3F6045TU7DO6GRLGTXTL8R1619J99P,3WEV0KO0OMS2AGRP4L3G02LBAU4SDA
3VN8VXO0JTUKIBT0XXMRXMBAK0PVNN,2022-03-15 14:55:13 -0700,2022-03-15 20:26:13 -0700,FeePayment,,Mechanical Turk,-0.280,3F6045TU7DO6GRLGTXTL8R1619J99P,3WEV0KO0OMS2AGRP4L3G02LBAU4SDA
3SZBSUNOAA6NKHBHFGZ08B1KZJBXLL,2022-03-15 14:57:13 -0700,2022-03-15 18:10:22 -0700,AssignmentPayment,,A10T1B7ZPCZIPK,-1.400,341H3G5YF0E3QOFGXZ4RS426D8DZ0I,3IQ1VMJRYTKM7USEB5CNT68FX3J9AF
3HYY3MAF1KGXYYJJTL0VUT13SPKT6V,2022-03-15 14:57:13 -0700,2022-03-15 20:26:13 -0700,FeePayment,,Mechanical Turk,-0.280,341H3G5YF0E3QOFGXZ4RS426D8DZ0I,3IQ1VMJRYTKM7USEB5CNT68FX3J9AF
3H4V6HLE4NCZNQC5VJZJT5G5YRV0YM,2022-03-15 15:01:13 -0700,2022-03-15 18:46:44 -0700,AssignmentPayment,,A3FMBSTZ3ZGSV1,-1.400,3HO4MYYR12OHI07LT1L0KDXIOTL6U2,3O6CYIULED1HYZJKAL367RSK27VUW1
33Q001CWF681EA2K89ZVQHD7IPMWJU,2022-03-15 15:01:13 -0700,2022-03-15 20:26:13 -0700,FeePayment,,Mechanical Turk,-0.280,3HO4MYYR12OHI07LT1L0KDXIOTL6U2,3O6CYIULED1HYZJKAL367RSK27VUW1
39593AWBP78D8K7YH2ZVLA4CDNPH18,2022-03-15 15:17:13 -0700,2022-03-15 20:20:47 -0700,AssignmentPayment,,A1HR4AHAG624XD,-1.400,3ICOHX7ENCB5FTOK1CQE7U1OP25E0S,3SEPORI8WNZ1DLARF36M6UA8C67ZAK
3PMM9PEU1OFOJ2N06GRM7UNLZTBCN7,2022-03-15 15:17:13 -0700,2022-03-15 20:26:13 -0700,FeePayment,,Mechanical Turk,-0.280,3ICOHX7ENCB5FTOK1CQE7U1OP25E0S,3SEPORI8WNZ1DLARF36M6UA8C67ZAK
31QSOVLV4JDA8U8L532JS99XFPNIG2,2022-03-15 15:20:13 -0700,2022-03-15 20:37:39 -0700,AssignmentPayment,,A2FL29XDW5TVH1,-1.400,3P4C70TRMRHGW39XW02L5HEO5GVGLK,3Z4AIRP3C6DGE2XCI2P8Y81U0C41X2
3PY7XH0QH0SJ08OQTQFXUSQ0LFY094,2022-03-15 15:20:13 -0700,2022-03-15 20:26:13 -0700,FeePayment,,Mechanical Turk,-0.280,3P4C70TRMRHGW39XW02L5HEO5GVGLK,3Z4AIRP3C6DGE2XCI2P8Y81U0C41X2
3W86AGBF56FJYF14AV0AS4WCW9XRWF,2022-03-15 15:37:13 -0700,2022-03-15 19:32:41 -0700,AssignmentPayment,,A2JBE0RTIL5VQ3,-1.400,3TKSOBLOHLG8SDFAP1LDQ3RMD9PBBB,3GS6S824SQX439ZBDKRKTW0QUB2WNB
3ERP4TR9U3L620ZOYT8KVD0T42LNKW,2022-03-15 15:37:13 -0700,2022-03-15 20:26:13 -0700,FeePayment,,Mechanical Turk,-0.280,3TKSOBLOHLG8SDFAP1LDQ3RMD9PBBB,3GS6S824SQX439ZBDKRKTW0QUB2WNB
3WCRPE6UPW2QFX5VDB19QPJMUAZQSY,2022-03-15 15:44:13 -0700,2022-03-15 17:15:51 -0700,AssignmentPayment,,A21C1YSCQTCXOQ,-1.400,3O0M2G5VC625JLF4C2XURJQQFH549O,3NAPMVF0ZWFTO89HJTLO9SYBQP372U
37GRMYWH8BTP4WMALH2N2LJORGUMFT,2022-03-15 15:44:13 -0700,2022-03-15 20:26:13 -0700,FeePayment,,Mechanical Turk,-0.280,3O0M2G5VC625JLF4C2XURJQQFH549O,3NAPMVF0ZWFTO89HJTLO9SYBQP372U
32S81DPXP7CN0W8RXT54GPQRSIQTC7,2022-03-18 13:44:08 -0700,2022-03-18 20:13:24 -0700,AssignmentPayment,,A2CKBDC8G3PWCF,-1.400,3DWGDA5POF4MOTVOSLJOL38KUTUV16,3MRNMEIQW56F63WZKC6FOG7GJJ0LDW
3Q3ECIW8ASDU4LY7YRNM0W80QQJOXP,2022-03-18 13:44:08 -0700,2022-03-18 17:54:44 -0700,FeePayment,,Mechanical Turk,-0.280,3DWGDA5POF4MOTVOSLJOL38KUTUV16,3MRNMEIQW56F63WZKC6FOG7GJJ0LDW
3CVMG0TB8V52XUS5TKBZ6DQUDU3TE0,2022-03-18 13:44:08 -0700,2022-03-18 18:24:59 -0700,AssignmentPayment,,A2A0FWNGOIEP2Q,-1.400,3SSN80MU8COGYJM50AQOE314JA2KX1,3QHK8ZVMIMIMR6YF6GF9TQJGGYOLBP
3Q6ZOVCNNKHJ9GYMZ9B7XHOBYQHOZM,2022-03-18 13:44:08 -0700,2022-03-18 17:54:44 -0700,FeePayment,,Mechanical Turk,-0.280,3SSN80MU8COGYJM50AQOE314JA2KX1,3QHK8ZVMIMIMR6YF6GF9TQJGGYOLBP
3QA9KECZ1A20H8OWZF1N6GB6QAITGH,2022-03-18 13:46:08 -0700,2022-03-18 18:38:56 -0700,AssignmentPayment,,A3774HPOUKYTX7,-1.400,3S8A4GJRD33HVFWLYRV5GZZ124AV64,3DIP6YHAPCSPJ2QGMI8VPT3VZV38ER
3MH2QKDNLB24ZKPF6YFUUN9PVG0P1F,2022-03-18 13:46:08 -0700,2022-03-18 17:54:44 -0700,FeePayment,,Mechanical Turk,-0.280,3S8A4GJRD33HVFWLYRV5GZZ124AV64,3DIP6YHAPCSPJ2QGMI8VPT3VZV38ER
3DEN325EY8MEDZURP31QRSOM5NATI9,2022-03-18 13:46:08 -0700,2022-03-18 18:25:56 -0700,AssignmentPayment,,A1QETQ8689PEPT,-1.400,3OLZC0DJ8JFXOZRM0S4UD2P6BV5IVL,3STRJBFXOWRB3MAEL2UTEKCNX5JTKK
3SQJAVYBEI909N3UT2TDIGOMT0EP37,2022-03-18 13:46:08 -0700,2022-03-18 17:54:44 -0700,FeePayment,,Mechanical Turk,-0.280,3OLZC0DJ8JFXOZRM0S4UD2P6BV5IVL,3STRJBFXOWRB3MAEL2UTEKCNX5JTKK
3RXBWH2CIMI5JUKFP6M2483ZXRZTKK,2022-03-18 13:46:08 -0700,2022-03-18 20:28:13 -0700,AssignmentPayment,,AQ3J0BIA96PXM,-1.400,3OEWW2KGQJBLQ42372H5RDFLNX0DOC,3ON104KXQKWIH1P5VFCOUNUQ4DBW4N
39AUVJRILEJ3N2QY7LH6XDM67W5P5X,2022-03-18 13:46:08 -0700,2022-03-18 17:54:44 -0700,FeePayment,,Mechanical Turk,-0.280,3OEWW2KGQJBLQ42372H5RDFLNX0DOC,3ON104KXQKWIH1P5VFCOUNUQ4DBW4N
3FQQTFMQEDO09IKIAIZIJLV3MWUTMP,2022-03-18 13:46:08 -0700,2022-03-18 17:24:16 -0700,AssignmentPayment,,A2B153AHPWHLH1,-1.400,3JUDR1D0D6R186H3PQPSKZJH57TQ2O,3M0BCWMB8VW220AEAUMB210WE5SWBT
3KVIOQYEVHXIA64HVEW3VX02Y20P7C,2022-03-18 13:46:08 -0700,2022-03-18 17:54:44 -0700,FeePayment,,Mechanical Turk,-0.280,3JUDR1D0D6R186H3PQPSKZJH57TQ2O,3M0BCWMB8VW220AEAUMB210WE5SWBT
38EC7L890NY9EB1PYUCWVGB0QQRXEN,2022-03-18 13:47:08 -0700,2022-03-18 19:24:08 -0700,AssignmentPayment,,AUG6J0G150T5T,-1.400,324N5FAHSXBOUUHA0VP6QI4J3ZUKVY,3TDXMTX3CBUEVT9EPM1OQU5WLTK6IC
32M4QH86DB2Y78QF6QSGHMYCVFKSZN,2022-03-18 13:47:08 -0700,2022-03-18 17:54:44 -0700,FeePayment,,Mechanical Turk,-0.280,324N5FAHSXBOUUHA0VP6QI4J3ZUKVY,3TDXMTX3CBUEVT9EPM1OQU5WLTK6IC
3UNODTIHK8EO9L5UNYEVBPK8HW9TO4,2022-03-18 13:48:08 -0700,2022-03-18 21:10:11 -0700,AssignmentPayment,,A7USTT4KU1ZBO,-1.400,3Q7TKIAPOTADKJZ6UA1DZWBRSSVDLV,31JLPPHS2UUPUWXZ4FGV3OPYNBH3OY
38OPVM8H9WKMOPSAABUN9TR8TSOP9O,2022-03-18 13:48:08 -0700,2022-03-18 17:54:44 -0700,FeePayment,,Mechanical Turk,-0.280,3Q7TKIAPOTADKJZ6UA1DZWBRSSVDLV,31JLPPHS2UUPUWXZ4FGV3OPYNBH3OY
3S729KOCAWERUXIA2B6Z0UF8WXRTQC,2022-03-18 13:49:08 -0700,2022-03-18 19:24:54 -0700,AssignmentPayment,,AJFEKFO2LEBV0,-1.400,3SX4X51T809NSXZRNSQ31C7F2U3AO7,3T3IWE1XG6NXEP89Y7EQA6OWWBBTQC
3FVL5PMWW0Y5CI778V8J0ZMYHSRPBY,2022-03-18 13:49:08 -0700,2022-03-18 17:54:44 -0700,FeePayment,,Mechanical Turk,-0.280,3SX4X51T809NSXZRNSQ31C7F2U3AO7,3T3IWE1XG6NXEP89Y7EQA6OWWBBTQC
363TFFE0AZZ37DXNUFV4VUU9ELCTS1,2022-03-18 13:49:08 -0700,2022-03-18 19:01:05 -0700,AssignmentPayment,,A2VIKCIM9TZL22,-1.400,3ZXV7Q5FJBOHFZJW8334KDOPAWXFCS,3KXIR214I4GW5LRYHVNH6GE106H42E
3B5OJ490AJMYRF5RMRZPVPAYKD3PD5,2022-03-18 13:49:08 -0700,2022-03-18 17:54:44 -0700,FeePayment,,Mechanical Turk,-0.280,3ZXV7Q5FJBOHFZJW8334KDOPAWXFCS,3KXIR214I4GW5LRYHVNH6GE106H42E
3X9O53E3VBCJMQPRJKQ4AVCXZIXTUH,2022-03-18 13:50:08 -0700,2022-03-18 17:47:42 -0700,AssignmentPayment,,A237PUN7791D62,-1.400,3YO4AH2FPDKUCWEPA3LE1BQ2899Q04,38YMOXR4MUZWWOTJE353RLE404HW68
3EJ368NJYC1VPZJNDXUFJPDJWQJPFG,2022-03-18 13:50:08 -0700,2022-03-18 17:54:44 -0700,FeePayment,,Mechanical Turk,-0.280,3YO4AH2FPDKUCWEPA3LE1BQ2899Q04,38YMOXR4MUZWWOTJE353RLE404HW68
3SZC56ZF8RRWEUEWEK55SJXUKY8TWG,2022-03-18 13:50:08 -0700,2022-03-18 18:48:28 -0700,AssignmentPayment,,A9HRQQ4Y2WTZL,-1.400,3U18MJKL1UMT3RWD6RMHSIXYCNJNC7,3YDTZAI2WXGPG092YRN31X4W80341X
3T67KRBCD9ZF3VAT8NIFMAPWC5WPHE,2022-03-18 13:50:08 -0700,2022-03-18 17:54:44 -0700,FeePayment,,Mechanical Turk,-0.280,3U18MJKL1UMT3RWD6RMHSIXYCNJNC7,3YDTZAI2WXGPG092YRN31X4W80341X
3YE4L2NMCU5I6HS0LI2UQKAS270U06,2022-03-18 13:52:08 -0700,2022-03-18 20:29:54 -0700,AssignmentPayment,,A1C2M60C697879,-1.400,3IQ9O0AYW6ZIB7NXVX4FCK1LEAPIT5,384PI804XS18BWQVS9FLLV1SHO00SX
3G8JNHOTPP4HPRTJZ8XDE2I3TM5PLL,2022-03-18 13:52:08 -0700,2022-03-18 17:54:44 -0700,FeePayment,,Mechanical Turk,-0.280,3IQ9O0AYW6ZIB7NXVX4FCK1LEAPIT5,384PI804XS18BWQVS9FLLV1SHO00SX
3JKD2MY70NCP2RVE05689837Z5KU2Q,2022-03-18 13:54:08 -0700,2022-03-18 17:55:08 -0700,AssignmentPayment,,A1QK3K8F0FYUDW,-1.400,3AA88CN98P35YOCF56CQXH8DLGWKY7,3AQF3RZ558IUL27OOEV3NXS451S6FL
39NGL12PGVZ7DRW4BLDSRUMSYH5PNN,2022-03-18 13:54:08 -0700,2022-03-18 17:54:44 -0700,FeePayment,,Mechanical Turk,-0.280,3AA88CN98P35YOCF56CQXH8DLGWKY7,3AQF3RZ558IUL27OOEV3NXS451S6FL
3S1XD7M07U8Z55A14JPW2N05JJGU4M,2022-03-18 13:54:08 -0700,2022-03-18 19:13:29 -0700,AssignmentPayment,,A3CW3HM9HVNVK,-1.400,3S8APUMBJXJY5URQU3799TI7SBXFBL,30LB5CDZNCA5C8C9N19THOYV43ZZ00
36L0ZXTVBLN7GC8HR0QKVJRNYW6PPJ,2022-03-18 13:54:08 -0700,2022-03-18 17:54:44 -0700,FeePayment,,Mechanical Turk,-0.280,3S8APUMBJXJY5URQU3799TI7SBXFBL,30LB5CDZNCA5C8C9N19THOYV43ZZ00
3CCI10T734BDKSEFN7IBZLKJFAMU67,2022-03-18 13:54:08 -0700,2022-03-18 20:05:12 -0700,AssignmentPayment,,A30ZZBSYP9711M,-1.400,3QD8LUVX4XYDG012TNMICEIMMK7X5T,37C0GNLMHF3XNITSX80DZXPJTOC6DA
3QZWQ3OLZLQSSPOW4SU90ER2ZEUPRB,2022-03-18 13:54:08 -0700,2022-03-18 17:54:44 -0700,FeePayment,,Mechanical Turk,-0.280,3QD8LUVX4XYDG012TNMICEIMMK7X5T,37C0GNLMHF3XNITSX80DZXPJTOC6DA
3X0B87PH6IQ0O6X3GMF9JZGAL5CU8T,2022-03-18 13:54:08 -0700,2022-03-18 20:05:42 -0700,AssignmentPayment,,A25KKLJPR3FZFP,-1.400,38Z7YZ2SB325JRV5ETAK7FQYU3QIQR,34Z02EIMISD9QW3AH9KBV0XEJ7E0TM
3MQ2LTCL2625841O8HZ40TSKNZRPTO,2022-03-18 13:54:08 -0700,2022-03-18 17:54:44 -0700,FeePayment,,Mechanical Turk,-0.280,38Z7YZ2SB325JRV5ETAK7FQYU3QIQR,34Z02EIMISD9QW3AH9KBV0XEJ7E0TM
3Q7I4HSVL5UE7UQIDKZNFQM5BTCUAX,2022-03-18 13:54:08 -0700,2022-03-18 18:10:36 -0700,AssignmentPayment,,A2X28XG702ZMR9,-1.400,34HEO7RUG6UQPAR7FK77V7CKDHNARG,33SA9F9TRXU093MYKLO1396HH25WET
3SLS9TF6EJIKLW5DDCZJ1BG5KK7PV4,2022-03-18 13:54:08 -0700,2022-03-18 17:54:44 -0700,FeePayment,,Mechanical Turk,-0.280,34HEO7RUG6UQPAR7FK77V7CKDHNARG,33SA9F9TRXU093MYKLO1396HH25WET
3MTZBZRXT2V7YPXG4P2KVJWC366XG4,2022-03-18 13:55:08 -0700,2022-03-18 20:18:35 -0700,AssignmentPayment,,A12IHGE8TN3HSM,-1.400,3NCN4N1H1GHATM47SRQMHYRGU2JNB0,3NQL1CS15R8L0J3KUCVZOAFJS58YV0
32M4CGWDCWH2RCIMNFOEZXAMKJLT1O,2022-03-18 13:55:08 -0700,2022-03-18 17:54:44 -0700,FeePayment,,Mechanical Turk,-0.280,3NCN4N1H1GHATM47SRQMHYRGU2JNB0,3NQL1CS15R8L0J3KUCVZOAFJS58YV0
39XDUNKCQ0FLUG3BUD2NGV9SIJYXIW,2022-03-18 13:55:08 -0700,2022-03-18 19:08:07 -0700,AssignmentPayment,,A2MDYPMQHLVS8S,-1.400,39HYCOOPKOLXQ1HRUM2SZ9QGSXLDMX,3ZAK8W07I4EOQ9IZHEAL0WJG2LL0UD
38VLWRH153OY1FW1AJ2XNQPJI3ZT3G,2022-03-18 13:55:08 -0700,2022-03-18 17:54:44 -0700,FeePayment,,Mechanical Turk,-0.280,39HYCOOPKOLXQ1HRUM2SZ9QGSXLDMX,3ZAK8W07I4EOQ9IZHEAL0WJG2LL0UD
3NG1N2HAAEBC0BTZUGNZTBO5ANNXK7,2022-03-18 13:55:08 -0700,2022-03-18 17:44:22 -0700,AssignmentPayment,,A1SN6XNOB5UG16,-1.400,3SV8KD29L4S53EMK1SE9BOHFRA0KZY,3LRKMWOKB5HC8IFN2OD70CRA11JZ2K
3PFWHFA8CZY1FUJ5O2QQ2NN3WZQT56,2022-03-18 13:55:08 -0700,2022-03-18 17:54:44 -0700,FeePayment,,Mechanical Turk,-0.280,3SV8KD29L4S53EMK1SE9BOHFRA0KZY,3LRKMWOKB5HC8IFN2OD70CRA11JZ2K
3LLTQWUK1M3FHL3LZKRXBCX89OPUG9,2022-03-18 13:58:08 -0700,2022-03-18 20:11:05 -0700,AssignmentPayment,,A2J59IXU6L5Z0Y,-1.400,3VADEH0UHCX9DTXMJSP9BC6BY56SP2,3QAVNHZ3EM4H8WTN02FDYFZAYG3LAU
3SV2MFO7RTKPZWQU6BUJUSZZ0CMQ17,2022-03-18 13:58:08 -0700,2022-03-18 17:54:44 -0700,FeePayment,,Mechanical Turk,-0.280,3VADEH0UHCX9DTXMJSP9BC6BY56SP2,3QAVNHZ3EM4H8WTN02FDYFZAYG3LAU
3D80T0MGNYIBZVQ26R263LU9XEN2K2,2022-03-18 14:00:09 -0700,2022-03-18 20:43:56 -0700,AssignmentPayment,,AV5FCKI1TTSKR,-1.400,3SBX2M1TKDNBBKWQT48GDEGFPLPQ4K,3S06PH7KSR42GWSVR2OW41Y2LDW1D7
33G78CQL446XWGIZY8DPA4FIB18Y50,2022-03-18 14:00:09 -0700,2022-03-18 17:54:44 -0700,FeePayment,,Mechanical Turk,-0.280,3SBX2M1TKDNBBKWQT48GDEGFPLPQ4K,3S06PH7KSR42GWSVR2OW41Y2LDW1D7
3GYDAC2LPKEUPMBH4JUZA2BIHJX2OM,2022-03-18 14:00:09 -0700,2022-03-18 19:29:25 -0700,AssignmentPayment,,A26UIS59SY4NM6,-1.400,3G5RUKN2EC3R5TPAU7CQQSWQ62GN9Q,3EO896NRAWVGS24W3HUHD5CAIGJTJL
32U28F7KSM7GX3KB1YQ6MKKKXXRY9R,2022-03-18 14:00:09 -0700,2022-03-18 17:54:44 -0700,FeePayment,,Mechanical Turk,-0.280,3G5RUKN2EC3R5TPAU7CQQSWQ62GN9Q,3EO896NRAWVGS24W3HUHD5CAIGJTJL
3Z1NETSS0THYSHYEOF4N0P4HQWSASY,2022-03-18 14:06:08 -0700,2022-03-18 20:00:04 -0700,AssignmentPayment,,A3LVLZS8S41ZD7,-1.400,3D06DR5225JZSUEFACBQ98IA7UOAMS,3VJ40NV2QINUTDVTJUMML1TWHATTO4
36DK1X7U9X0QH9NM7V0GPPJHP8E6DH,2022-03-18 14:06:08 -0700,2022-03-18 17:54:44 -0700,FeePayment,,Mechanical Turk,-0.280,3D06DR5225JZSUEFACBQ98IA7UOAMS,3VJ40NV2QINUTDVTJUMML1TWHATTO4
3A7G6XCI71TRIZ7B2UBHDCGTMKC92G,2022-03-18 14:11:08 -0700,2022-03-18 20:44:20 -0700,AssignmentPayment,,A3RK4ER5862Z5R,-1.400,3MVY4USGB6NHW7AI6XZP2F5ZCRBISG,3JAOYWH7VI433DJI8W1D2KOQSYLL9F
3HIBTXKIEPYLRJMYTGYWSLGS70C4P9,2022-03-18 14:11:08 -0700,2022-03-18 17:54:44 -0700,FeePayment,,Mechanical Turk,-0.280,3MVY4USGB6NHW7AI6XZP2F5ZCRBISG,3JAOYWH7VI433DJI8W1D2KOQSYLL9F
3M17CBE7V0OY404H86SC93X1X0Y97W,2022-03-18 14:11:08 -0700,2022-03-18 17:04:32 -0700,AssignmentPayment,,AFLS4MQG10DAK,-1.400,3N5YJ55YXG35ACZFMDQQMN7ACKYANS,37ZHEEHM6WMI9Q50NTZTS233XM973E
3XNDFT385ADJJBF5AX7GXVHPW3X4TE,2022-03-18 14:11:08 -0700,2022-03-18 17:54:44 -0700,FeePayment,,Mechanical Turk,-0.280,3N5YJ55YXG35ACZFMDQQMN7ACKYANS,37ZHEEHM6WMI9Q50NTZTS233XM973E
3FRUJA39T4VP9V7K1FO1XE9UGU75QZ,2022-03-18 14:14:08 -0700,2022-03-18 19:24:36 -0700,AssignmentPayment,,A24EE5OI98C1KF,-1.400,38RHULDV9YFA3ORRQ29QZ48KI47IWV,3ZDAD0O1T1DHNM9LKL9I4EKPTEYTX9
3VRNWC6O6QD2VQO5NTXTZ340ECN1B8,2022-03-18 14:14:08 -0700,2022-03-18 17:54:44 -0700,FeePayment,,Mechanical Turk,-0.280,38RHULDV9YFA3ORRQ29QZ48KI47IWV,3ZDAD0O1T1DHNM9LKL9I4EKPTEYTX9
3Q69XWVMHMZA0447G60E5ETUBFGMI3,2022-03-18 14:15:08 -0700,2022-03-18 18:06:17 -0700,AssignmentPayment,,A2Q5L9EPUGXGKC,-1.400,3K3IX1W4S6R5DXBS2S3IQCC5CZZAPO,369J354OFDA0Z23JZY1L5ISG6GS6GK
3JB408QX8CZ8S1GQG73T9JNA7MLI3Q,2022-03-18 14:15:08 -0700,2022-03-18 17:54:44 -0700,FeePayment,,Mechanical Turk,-0.280,3K3IX1W4S6R5DXBS2S3IQCC5CZZAPO,369J354OFDA0Z23JZY1L5ISG6GS6GK
34PXQBSK10V16ZUVG9LQIU873J5MKE,2022-03-18 14:16:08 -0700,2022-03-18 19:25:44 -0700,AssignmentPayment,,A2LJ1FRUYGW469,-1.400,3N5YJ55YXG35ACZFMDQQMN7ACKYNA5,3ZY8KE4ISJ3CRHCY32E5BOCHTWRQVP
3SEH73JB4TR7PK38Z91RGMZUHDNI6W,2022-03-18 14:16:08 -0700,2022-03-18 17:54:44 -0700,FeePayment,,Mechanical Turk,-0.280,3N5YJ55YXG35ACZFMDQQMN7ACKYNA5,3ZY8KE4ISJ3CRHCY32E5BOCHTWRQVP
37FA7N8P3MRKWQFAE1DJPBPGNOFMOY,2022-03-18 14:16:08 -0700,2022-03-18 20:12:58 -0700,AssignmentPayment,,A3BSK47WPPE876,-1.400,30P8I9JKOILLCBW7T8L0OTL169ZV5O,3IAEQB9FMEKVHX8YOQDHXROWHQ4WD0
3Z9ALZ033QAU7356XG430WQW7EVI97,2022-03-18 14:16:08 -0700,2022-03-18 17:54:44 -0700,FeePayment,,Mechanical Turk,-0.280,30P8I9JKOILLCBW7T8L0OTL169ZV5O,3IAEQB9FMEKVHX8YOQDHXROWHQ4WD0
3JZKYPYQBSCNT37Q6TUNJ6ULYBZMR7,2022-03-18 14:17:08 -0700,2022-03-18 19:40:03 -0700,AssignmentPayment,,A2S1EE0M4ODLQG,-1.400,3W9XHF7WGKV9H2DLV0PRP0GY6EEKTI,3NC5L260MOMKA8DSOAHX4XEVQ1LOFR
32Q99H1M4DC6ATIN9W95MS9MYZAIDO,2022-03-18 14:17:08 -0700,2022-03-18 17:54:44 -0700,FeePayment,,Mechanical Turk,-0.280,3W9XHF7WGKV9H2DLV0PRP0GY6EEKTI,3NC5L260MOMKA8DSOAHX4XEVQ1LOFR
3A1AZX4BEPPF9VZ7ANPSOHH55A3MUB,2022-03-18 14:17:08 -0700,2022-03-18 19:47:51 -0700,AssignmentPayment,,A14EYTLSMJRPUK,-1.400,32XN26MTXZJJLZYCIYDIKPR8Y3ML0A,3M1CVSFP605SZT90S7N9F1Y48MRAQ9
354OWLF5S6R38DWJ024VASC7ACQIFZ,2022-03-18 14:17:08 -0700,2022-03-18 17:54:44 -0700,FeePayment,,Mechanical Turk,-0.280,32XN26MTXZJJLZYCIYDIKPR8Y3ML0A,3M1CVSFP605SZT90S7N9F1Y48MRAQ9
3BC1WDH3JXLWVUTHGAO059WK7SIMZ0,2022-03-18 14:18:08 -0700,2022-03-18 18:40:20 -0700,AssignmentPayment,,A3MS69LGYAZ7ZA,-1.400,3MZ3TAMYTLN5VSA5R8ZKC503QPSIRS,3R08VXYT7CVF0O7OXDAVXZE0VF1W77
37T4DUGFJJUP856FMD7T55HR78CIL4,2022-03-18 14:18:08 -0700,2022-03-18 17:54:44 -0700,FeePayment,,Mechanical Turk,-0.280,3MZ3TAMYTLN5VSA5R8ZKC503QPSIRS,3R08VXYT7CVF0O7OXDAVXZE0VF1W77
3PPM1LF13W9P5J370XJS7QKZ306NC2,2022-03-18 14:20:08 -0700,2022-03-18 19:21:33 -0700,AssignmentPayment,,ABKRHS2DY4KMN,-1.400,3ZG552ORAM4TDEDKBPJ2QMIPMZ8V2N,3P529IW9KYLC4NAVBI15CGA1VWGLF7
39UD2RJ5OSLK8ZN40WAHGZCEEHMIXQ,2022-03-18 14:20:08 -0700,2022-03-18 17:54:44 -0700,FeePayment,,Mechanical Turk,-0.280,3ZG552ORAM4TDEDKBPJ2QMIPMZ8V2N,3P529IW9KYLC4NAVBI15CGA1VWGLF7
30P6MK0AIBJCDX9DAP0EUUXUTKFNJG,2022-03-18 14:22:08 -0700,2022-03-18 19:59:30 -0700,AssignmentPayment,,A20EP9E5HC8D4O,-1.400,33J5JKFMK6YQTODMTQ3X39O9BLTQ3Z,3CFVK00FWLLGLUHKAPY1IAXO2XE6LQ
309K46OWLM971RN0C8CM0H0UYX1J5T,2022-03-18 14:22:08 -0700,2022-03-18 17:54:44 -0700,FeePayment,,Mechanical Turk,-0.280,33J5JKFMK6YQTODMTQ3X39O9BLTQ3Z,3CFVK00FWLLGLUHKAPY1IAXO2XE6LQ
32N4TNCUS2L2E5FYDMD6AMPBXEANMK,2022-03-18 14:22:08 -0700,2022-03-18 19:59:22 -0700,AssignmentPayment,,A32AMKARA2FPDA,-1.400,3D1TUISJWI0XBK2MV2UPHGNNXOWIUW,374TNBHA8BVTVB738D1PINGBBDTQYY
3BU8XDVSVPNMOV1J01RJY1EQP3WJ78,2022-03-18 14:22:08 -0700,2022-03-18 17:54:44 -0700,FeePayment,,Mechanical Turk,-0.280,3D1TUISJWI0XBK2MV2UPHGNNXOWIUW,374TNBHA8BVTVB738D1PINGBBDTQYY
33WTQQ2Z1TG28M4CWP1H4HCI6OONYA,2022-03-18 14:26:08 -0700,2022-03-18 20:23:36 -0700,AssignmentPayment,,ANQ0RLFEZ17W0,-1.400,3SCKNODZ0XGNRA1HFAE6CW5KBCSN7E,3I0BTBYZAXL57I24RF7A3HPTY9W0YB
3OJGH7NNB13F8Q2L1AGG1RJZGYWJJF,2022-03-18 14:26:08 -0700,2022-03-18 17:54:44 -0700,FeePayment,,Mechanical Turk,-0.280,3SCKNODZ0XGNRA1HFAE6CW5KBCSN7E,3I0BTBYZAXL57I24RF7A3HPTY9W0YB
3J7BFWAZ21U02BGDLELNJVBL5BW9UZ,2022-03-18 14:27:08 -0700,2022-03-18 19:26:38 -0700,AssignmentPayment,,A1KYKDX6XH90OT,-1.400,39AYGO6AFFK4NANCW09E6I5OG18N6F,3PEIJLRY6TT9F3DFFQETRYROX8LXW8
3DR128QPIAPXAPXZ42RJ348E65K5GB,2022-03-18 14:27:08 -0700,2022-03-18 17:54:44 -0700,FeePayment,,Mechanical Turk,-0.280,39AYGO6AFFK4NANCW09E6I5OG18N6F,3PEIJLRY6TT9F3DFFQETRYROX8LXW8
3VNL13LOW07G9XJ5AHYIJY4GE2MA8Z,2022-03-18 14:33:08 -0700,2022-03-18 17:45:06 -0700,AssignmentPayment,,AIIOT9A7ARQZW,-1.400,3UYRNV2KITZRRO60PF6CQW1FMWYN81,339ANSOTR52LU8U3RQVP0DAEMO8IKX
3PFWHFA8CZY1FUJ5O2QQ2NN3WZS5TK,2022-03-18 14:33:08 -0700,2022-03-18 17:54:44 -0700,FeePayment,,Mechanical Turk,-0.280,3UYRNV2KITZRRO60PF6CQW1FMWYN81,339ANSOTR52LU8U3RQVP0DAEMO8IKX
3UL9MS0VLDBDHRQQ290FZLBQ19KFCN,2022-03-18 14:46:08 -0700,2022-03-18 17:09:17 -0700,AssignmentPayment,,A23ZHY245JEV7F,-1.400,3JMQI2OLFZ538J2R6NHSCOFGXNVDNX,3MTMREQS4VIXJQ5M4GMF7QGQWN7WAY
39U9X0PGBQ7U2MUGT446IFV43FBAYK,2022-03-18 14:46:08 -0700,2022-03-18 17:54:44 -0700,FeePayment,,Mechanical Turk,-0.280,3JMQI2OLFZ538J2R6NHSCOFGXNVDNX,3MTMREQS4VIXJQ5M4GMF7QGQWN7WAY
3DVY6AY8PC0MZFB1R0HLD82N3K0K9F,2022-03-18 15:42:08 -0700,2022-03-18 18:36:29 -0700,AssignmentPayment,,ALN47U1AGCWWD,-1.400,3J5XXLQDHMBIYW93FPX79WNHSD8V3Y,3DEL4X4EL6LD488FURWHCVC48GGYX3
30JVG49U1AW8UJGJZ93EPH21IEOFVV,2022-03-18 15:42:08 -0700,2022-03-18 17:54:44 -0700,FeePayment,,Mechanical Turk,-0.280,3J5XXLQDHMBIYW93FPX79WNHSD8V3Y,3DEL4X4EL6LD488FURWHCVC48GGYX3
39X9PWQNDY1VO3ANNLWCIBSI8RAAYJ,2022-03-25 12:41:11 -0700,2022-03-25 17:29:37 -0700,AssignmentPayment,,A11LNK1U3DT08V,-1.400,3AJA9FLWSCY8S25W0DZQVGMKN84FIV,3HMIGG0U4L6NP777MJKPWWVBIYOY8V
3BGF5AMNO3I9FLBEKCY482RMZQ26L2,2022-03-25 12:41:11 -0700,2022-03-25 20:16:41 -0700,FeePayment,,Mechanical Turk,-0.280,3AJA9FLWSCY8S25W0DZQVGMKN84FIV,3HMIGG0U4L6NP777MJKPWWVBIYOY8V
3LCLTGYN4QARYBOT2PFE009MR0EBQC,2022-03-25 12:41:11 -0700,2022-03-25 20:41:21 -0700,AssignmentPayment,,A1F9KLZGHE9DTA,-1.400,31N9JPQXIPIKKZ7TSJ0I39UEPMBHNB,3AAPLD8UCCHK1W96FHRW1SWV6FXHT5
3T53UIRFGW8G6C37C9E20DVDI787BF,2022-03-25 12:41:11 -0700,2022-03-25 20:16:41 -0700,FeePayment,,Mechanical Turk,-0.280,31N9JPQXIPIKKZ7TSJ0I39UEPMBHNB,3AAPLD8UCCHK1W96FHRW1SWV6FXHT5
3URHXEVZE290FQ5DQ4VSFHD4KSPV9F,2022-03-25 12:42:11 -0700,2022-03-25 18:54:52 -0700,AssignmentPayment,,AV5FCKI1TTSKR,-1.400,3PN6H8C9R4QWO082XJCNQIVGYNJADB,3F1567XTNW5EUAZV0199J6NK3VQ9QT
3NFMN65Q80L58THS8Z435U4WCI6QUC,2022-03-25 12:42:11 -0700,2022-03-25 20:16:41 -0700,FeePayment,,Mechanical Turk,-0.280,3PN6H8C9R4QWO082XJCNQIVGYNJADB,3F1567XTNW5EUAZV0199J6NK3VQ9QT
3YWU0UPY65YTO8FMZVQFEQF8OMRFSN,2022-03-25 12:45:11 -0700,2022-03-25 18:59:08 -0700,AssignmentPayment,,A2PPTQXFVA9H38,-1.400,3M0556243SK063GNXTCI0OI197YFNB,3C8HJ7UOP7U2FMJGC6WRFL588XHMZY
3KF9PW21VYXWNL4H3MHO05594IBBDC,2022-03-25 12:45:11 -0700,2022-03-25 20:16:41 -0700,FeePayment,,Mechanical Turk,-0.280,3M0556243SK063GNXTCI0OI197YFNB,3C8HJ7UOP7U2FMJGC6WRFL588XHMZY
3KSDQLAD4XQMVPWVJ00GBFITUZNFW2,2022-03-25 12:45:11 -0700,2022-03-25 19:13:42 -0700,AssignmentPayment,,A19TEP0CMAX4TX,-1.400,39HYCOOPKOLXQ1HRUM2SZ9QGS48MD7,336KAV9KYQSC3S5I62BOM5I8WYX2YX
32GSQJ4DYOADZ19JPI0ERQK7WA4BHL,2022-03-25 12:45:11 -0700,2022-03-25 20:16:41 -0700,FeePayment,,Mechanical Turk,-0.280,39HYCOOPKOLXQ1HRUM2SZ9QGS48MD7,336KAV9KYQSC3S5I62BOM5I8WYX2YX
35D3GBR3931UFADK32TUV6JS7CUG61,2022-03-25 12:45:11 -0700,2022-03-25 19:13:25 -0700,AssignmentPayment,,A1KJC4HLMR0SLK,-1.400,38XPGNCKHT03GSS7F32QJ1FN6KR4VT,3MAOD8E57QAJS941NPN6VFEX5NTXNC
3Z9HWVHMK01QOVNMLNC85UMDJJ2BRI,2022-03-25 12:45:11 -0700,2022-03-25 20:16:41 -0700,FeePayment,,Mechanical Turk,-0.280,38XPGNCKHT03GSS7F32QJ1FN6KR4VT,3MAOD8E57QAJS941NPN6VFEX5NTXNC
34BKBBSCTFAWYUNQ9LOMEX3L6MNGY1,2022-03-25 12:45:12 -0700,2022-03-25 19:38:12 -0700,AssignmentPayment,,A2FHJCRBRP7VH4,-1.400,3G57RS03HH5CFKY55Y1PMOOQ9IT52R,3WMINLGALB3O5SZHNPMEVW9N5Y7CA6
3DJWW82EWMTS0CWFRIZUEN64RN8CJY,2022-03-25 12:45:12 -0700,2022-03-25 20:16:41 -0700,FeePayment,,Mechanical Turk,-0.280,3G57RS03HH5CFKY55Y1PMOOQ9IT52R,3WMINLGALB3O5SZHNPMEVW9N5Y7CA6
3DSSMCA64MMA8AEX7LMQ3T3MJCMJTJ,2022-03-25 12:46:12 -0700,2022-03-25 20:10:14 -0700,AssignmentPayment,,A2G43KS55YGYQE,-1.400,33P2GD6NRNSJCTMQV682BHDAVR6HK6,3W8CV64QJ2Z1HH0SHBMFASVJC8U9HX
34LN9J322TARS8UX4JE4PDEFJS4FER,2022-03-25 12:46:12 -0700,2022-03-25 20:16:41 -0700,FeePayment,,Mechanical Turk,-0.280,33P2GD6NRNSJCTMQV682BHDAVR6HK6,3W8CV64QJ2Z1HH0SHBMFASVJC8U9HX
3JQCHWDAESHV0P2EUMHDN4OY7SEKFB,2022-03-25 12:46:12 -0700,2022-03-25 20:02:17 -0700,AssignmentPayment,,A1D8EUOJW3MX7N,-1.400,3VLL1PIENQOOT57ZZK62I5YOBMXOZN,3K5TEWLKGVBZAJOFQU9W2MLV3DRVIR
3RCP8HKBGL1YFIBY7WL7M9CNQ6UG05,2022-03-25 12:46:12 -0700,2022-03-25 20:16:41 -0700,FeePayment,,Mechanical Turk,-0.280,3VLL1PIENQOOT57ZZK62I5YOBMXOZN,3K5TEWLKGVBZAJOFQU9W2MLV3DRVIR
3UEOIKJJ3DEN01TLLFUL5J1DQN5O1Y,2022-03-25 12:48:11 -0700,2022-03-25 21:08:35 -0700,AssignmentPayment,,A2UTDZAZV1DF0N,-1.400,3SZYX62S5G0J1LVBBAIKIF5YKYF577,3S0TNUHWKTIKRWCGQNXBJBLA0AJ8DY
3QHEOAZ7LS559Y8647T8HJBGL1CJMN,2022-03-25 12:48:11 -0700,2022-03-25 20:16:41 -0700,FeePayment,,Mechanical Turk,-0.280,3SZYX62S5G0J1LVBBAIKIF5YKYF577,3S0TNUHWKTIKRWCGQNXBJBLA0AJ8DY
3NS7XPSSE2AODZBDNCNABVEMCZWOBH,2022-03-25 12:48:11 -0700,2022-03-25 17:09:08 -0700,AssignmentPayment,,A1WJIRT360P5VB,-1.400,32FESTC2NHQ6YHGM3SY36DPSKQZCUP,3QIYRE09Y3HB28J8GW2Z06AW08EN1A
33Q001CWF681EA2K89ZVQHD7J3QJWE,2022-03-25 12:48:11 -0700,2022-03-25 20:16:41 -0700,FeePayment,,Mechanical Turk,-0.280,32FESTC2NHQ6YHGM3SY36DPSKQZCUP,3QIYRE09Y3HB28J8GW2Z06AW08EN1A
3EIMRXZRTNZQHTCN6H5B6FJBT3BOP2,2022-03-25 12:48:11 -0700,2022-03-25 18:59:22 -0700,AssignmentPayment,,A2A0FWNGOIEP2Q,-1.400,3PA41K45VN4NUVDUVPRYGLAFBYG7PV,3YDTZAI2WXGPG092YRN31X4W9RK14U
3ROF6DUKAMPNBW2X93Z6F26H6C8KC5,2022-03-25 12:48:11 -0700,2022-03-25 20:16:41 -0700,FeePayment,,Mechanical Turk,-0.280,3PA41K45VN4NUVDUVPRYGLAFBYG7PV,3YDTZAI2WXGPG092YRN31X4W9RK14U
3JBRFYS2JY2CSL1ATQUASUN63AVHEM,2022-03-25 12:49:11 -0700,2022-03-25 17:58:58 -0700,AssignmentPayment,,A10249252O9I20MRSOBVF,-1.400,3OZ4VAIBEXFTJABSIAPUP346OHHJVZ,3TEM0PF1Q5X2977DVJKWQWFSHC70D3
3YBJCFJ3SJFI0R1J942G2HUUALLCZJ,2022-03-25 12:49:11 -0700,2022-03-25 20:16:41 -0700,FeePayment,,Mechanical Turk,-0.280,3OZ4VAIBEXFTJABSIAPUP346OHHJVZ,3TEM0PF1Q5X2977DVJKWQWFSHC70D3
3I6EBHK5KB3X462ZP04RAEWC0V660P,2022-03-25 12:56:12 -0700,2022-03-25 20:24:07 -0700,AssignmentPayment,,A2EQP2ELS0TET3,-1.400,3P6ENY9P79WS6YW2V3NQY1YX3NHHIV,308Q0PEVB8D1DCBCNT40A4WYCL99IQ
3W4LE48LZFJE8ZAHE6MND605RGN1L2,2022-03-25 12:56:12 -0700,2022-03-25 20:16:41 -0700,FeePayment,,Mechanical Turk,-0.280,3P6ENY9P79WS6YW2V3NQY1YX3NHHIV,308Q0PEVB8D1DCBCNT40A4WYCL99IQ
3GLBNMEDRYW5P6WGPS9EKPJWOZU9OT,2022-03-25 12:58:12 -0700,2022-03-25 20:03:19 -0700,AssignmentPayment,,A2S1EE0M4ODLQG,-1.400,3DGDV62G7O9G8UGOPDA3KUT70IUP2X,34X6J5FLPTY30MC4MD0M801NZ03QJ6
3BDJR864JPGIVFARQWL9BNMR32B59R,2022-03-25 12:58:12 -0700,2022-03-25 20:16:41 -0700,FeePayment,,Mechanical Turk,-0.280,3DGDV62G7O9G8UGOPDA3KUT70IUP2X,34X6J5FLPTY30MC4MD0M801NZ03QJ6
38YLONI87BIZNWC840U3NMMXNF13TS,2022-03-25 12:59:11 -0700,2022-03-25 17:51:48 -0700,AssignmentPayment,,A10HW8JXM17XLD,-1.400,3RWSQDNYL9MOIB36Z5T5SJ9S7GCFF4,3ZWFC4W1UU7N7L58G2Y1YSJ02FNRF4
38EXR2NHB78XXPLX5V8BS5UXVXYZEZ,2022-03-25 12:59:11 -0700,2022-03-25 20:16:41 -0700,FeePayment,,Mechanical Turk,-0.280,3RWSQDNYL9MOIB36Z5T5SJ9S7GCFF4,3ZWFC4W1UU7N7L58G2Y1YSJ02FNRF4
3PJES4FD3O6AMNDB9UUXGNZ2A6P4F6,2022-03-25 12:59:12 -0700,2022-03-25 18:02:40 -0700,AssignmentPayment,,A2V3UQYZK4FL4I,-1.400,3A520CCNWN01G6M2TEN7W0D1YZKAE4,3WYGZ5XF3WFAOMXZW2P34FG1WDNKSN
34503NDDRT314E0DTUW41HP7JQ600P,2022-03-25 12:59:12 -0700,2022-03-25 20:16:41 -0700,FeePayment,,Mechanical Turk,-0.280,3A520CCNWN01G6M2TEN7W0D1YZKAE4,3WYGZ5XF3WFAOMXZW2P34FG1WDNKSN
3VPYV2FDBE8KX5PU06Z9QTEH676H2L,2022-03-25 13:01:11 -0700,2022-03-25 19:14:37 -0700,AssignmentPayment,,A2HQGRFWV6P872,-1.400,3PCPFX4U40QL90TFDL4Z4ID6EILFQY,3NGMS9VZTLIQ4V0ZP7Y7H35HZRCFFX
3PMM9PEU1OFOJ2N06GRM7UNL08ECN5,2022-03-25 13:01:11 -0700,2022-03-25 20:16:41 -0700,FeePayment,,Mechanical Turk,-0.280,3PCPFX4U40QL90TFDL4Z4ID6EILFQY,3NGMS9VZTLIQ4V0ZP7Y7H35HZRCFFX
30IE1TL2WLU3MD9JSTEAC78TFRAVOS,2022-03-25 13:02:14 -0700,2022-03-25 20:12:48 -0700,AssignmentPayment,,A3SKK9L0ONEK4X,-1.400,3I7SHAD35MWH9SGH39Z6ZHGK6T5M7E,3NPI0JQDAO5CED7UYUZ1A1YMS66PTH
3Z9HWVHMK01QOVNMLNC85UMDJJ0RBW,2022-03-25 13:02:14 -0700,2022-03-25 20:16:41 -0700,FeePayment,,Mechanical Turk,-0.280,3I7SHAD35MWH9SGH39Z6ZHGK6T5M7E,3NPI0JQDAO5CED7UYUZ1A1YMS66PTH
3YZTU8L5K3YRFDG2Z5ZEA6TWR9GW38,2022-03-25 13:02:14 -0700,2022-03-25 20:07:29 -0700,AssignmentPayment,,ACKG8OU1KHKO2,-1.400,329E6HTMSW24ILFRGLJ07NC0CMOK32,3U8YCDAGXPGWYGBI05QGQVMR0RVQ0X
3YTIQ7TAFF8A7PCVPSHUBEMCQIJRO0,2022-03-25 13:02:14 -0700,2022-03-25 20:16:41 -0700,FeePayment,,Mechanical Turk,-0.280,329E6HTMSW24ILFRGLJ07NC0CMOK32,3U8YCDAGXPGWYGBI05QGQVMR0RVQ0X
3GJ7UD4TG75NPSW4IB7S1B0J7D7QG9,2022-03-25 13:03:14 -0700,2022-03-25 17:47:01 -0700,AssignmentPayment,,A1CPY1HLCFTIL1,-1.400,3RIHDBQ1NEYE2HMTGILIQU5EKW1HMB,3YHH42UU5BFL7JV580IK99NXQL90LJ
3LN7QL79OH1UOK6H1M1L1CURP5RM3H,2022-03-25 13:03:14 -0700,2022-03-25 20:16:41 -0700,FeePayment,,Mechanical Turk,-0.280,3RIHDBQ1NEYE2HMTGILIQU5EKW1HMB,3YHH42UU5BFL7JV580IK99NXQL90LJ
3VCW8CR5DSQVXPATLFEO0GMVCDH9H6,2022-03-25 13:06:14 -0700,2022-03-25 20:39:33 -0700,AssignmentPayment,,AQRKP48O0WKBW,-1.400,3I7SHAD35MWH9SGH39Z6ZHGK6T57MZ,3G2UL9A02DEH69SI6VXRZ5FN84Q67H
3VFD6HWYOB5WGDLB9NKZKAJ53A253B,2022-03-25 13:06:14 -0700,2022-03-25 20:16:41 -0700,FeePayment,,Mechanical Turk,-0.280,3I7SHAD35MWH9SGH39Z6ZHGK6T57MZ,3G2UL9A02DEH69SI6VXRZ5FN84Q67H
3HV2XA41X0BHYYXF1GXB5FYD9K4C6P,2022-03-25 13:07:14 -0700,2022-03-25 21:09:05 -0700,AssignmentPayment,,A37278DK1SYGP5,-1.400,36JW4WBR06K8W7UCUVH5V4L5NVPHF4,3MRNMEIQW56F63WZKC6FOG7GKAMLD1
349EFWT4JH03MJKW860S0S0H0UD7RW,2022-03-25 13:07:14 -0700,2022-03-25 20:16:41 -0700,FeePayment,,Mechanical Turk,-0.280,36JW4WBR06K8W7UCUVH5V4L5NVPHF4,3MRNMEIQW56F63WZKC6FOG7GKAMLD1
33ZL5B7IAISF00QCPWNK3PX53Z2966,2022-03-25 13:16:14 -0700,2022-03-25 17:07:15 -0700,AssignmentPayment,,A2PSR3CMNR1R9X,-1.400,3JTPR5MTZSC7W02VU47TMKAKQIFK5S,35USIKEBNRG69UK5M2EGV21D8JUN68
31W7K3F82P163W2D682LXGG79SO4RA,2022-03-25 13:16:14 -0700,2022-03-25 20:16:41 -0700,FeePayment,,Mechanical Turk,-0.280,3JTPR5MTZSC7W02VU47TMKAKQIFK5S,35USIKEBNRG69UK5M2EGV21D8JUN68
3GLBNMEDRYW5P6WGPS9EKPJWOZW9OV,2022-03-25 13:16:14 -0700,2022-03-25 18:02:40 -0700,AssignmentPayment,,A2V3UQYZK4FL4I,-1.400,3TRB893CSJAHHIKVS61BMCWNA7T7GR,3J88R45B2GYJVUGE340YZ4JS52UXP8
3BDJR864JPGIVFARQWL9BNMR32D59T,2022-03-25 13:16:14 -0700,2022-03-25 20:16:42 -0700,FeePayment,,Mechanical Turk,-0.280,3TRB893CSJAHHIKVS61BMCWNA7T7GR,3J88R45B2GYJVUGE340YZ4JS52UXP8
357OOHGCUEL4UUCQUJW1AO9LFOSFIY,2022-03-25 13:19:14 -0700,2022-03-25 18:27:38 -0700,AssignmentPayment,,A1S2NQYJGZ0C5F,-1.400,32204AGAABCEA7Q75FNNDPLHOAPHG3,3BF51CHDTVAJLNCFHF3MHHUQ9400HC
3104GNRCZXKY5T2KAXBCNWJXD6PB3J,2022-03-25 13:19:14 -0700,2022-03-25 20:16:42 -0700,FeePayment,,Mechanical Turk,-0.280,32204AGAABCEA7Q75FNNDPLHOAPHG3,3BF51CHDTVAJLNCFHF3MHHUQ9400HC
3J83JSQRR4KV2CPNTFA6BBLE3VNGAU,2022-03-25 13:19:14 -0700,2022-03-25 19:18:49 -0700,AssignmentPayment,,A3MNL6RIME0845,-1.400,3CVDZS288H0UOLVNLSXIN9T14HOFMB,3OVHNO1VE61ZBSD3ZDXOWVIEZJVDZD
31VDFL87ZYTIH243U7HI6RBG4QIBVG,2022-03-25 13:19:14 -0700,2022-03-25 20:16:42 -0700,FeePayment,,Mechanical Turk,-0.280,3CVDZS288H0UOLVNLSXIN9T14HOFMB,3OVHNO1VE61ZBSD3ZDXOWVIEZJVDZD
3IRAYSSUNUDMJ18KRRE7IL7ONOHL2Y,2022-03-25 13:22:15 -0700,2022-03-25 19:10:56 -0700,AssignmentPayment,,A50UY1556VDIA,-1.400,3GS542CVJVNNF4J4Q7G4WBW4FO359J,3LRKMWOKB5HC8IFN2OD70CRA2S12ZO
3D4NSQ1WDR510E3582N5XL80Y08GNL,2022-03-25 13:22:15 -0700,2022-03-25 20:16:42 -0700,FeePayment,,Mechanical Turk,-0.280,3GS542CVJVNNF4J4Q7G4WBW4FO359J,3LRKMWOKB5HC8IFN2OD70CRA2S12ZO
3SK8BLWOVNDYM34GJPGEFRYZJ6UUUK,2022-03-25 13:26:14 -0700,2022-03-25 18:03:23 -0700,AssignmentPayment,,A2K9W1IXVH5KPM,-1.400,3W5PY7V3UP7AN46XNLCEW2806YJJY8,33ISQZVXPPMCY7WF73I51RZB51SCC8
3GG72H3MEZBM3BGXOUFM1F353BVQGI,2022-03-25 13:26:14 -0700,2022-03-25 20:16:42 -0700,FeePayment,,Mechanical Turk,-0.280,3W5PY7V3UP7AN46XNLCEW2806YJJY8,33ISQZVXPPMCY7WF73I51RZB51SCC8
3SZC56ZF8RRWEUEWEK55SJXUL8YWTU,2022-03-25 13:26:15 -0700,2022-03-25 19:49:08 -0700,AssignmentPayment,,AQ9Y6WD8O72ZC,-1.400,3B9J25CZ25DQJ4OIEN33RC74ZTECS9,3DIP6YHAPCSPJ2QGMI8VPT3V0MK8ER
3GXB4YAMLNZ0WDZJA3E3WCXU8J1SES,2022-03-25 13:26:15 -0700,2022-03-25 20:16:42 -0700,FeePayment,,Mechanical Turk,-0.280,3B9J25CZ25DQJ4OIEN33RC74ZTECS9,3DIP6YHAPCSPJ2QGMI8VPT3V0MK8ER
3OTDCIJPFGBNG9R983VHMIGPI33ZQ9,2022-03-25 13:27:15 -0700,2022-03-25 18:02:40 -0700,AssignmentPayment,,A2V3UQYZK4FL4I,-1.400,3FCO4VKOZ4DJX4O4MBBNM9BBXRE7EA,36U2A8VAG1Z7K898V8HSM142DYNKY5
31VDFL87ZYTIH243U7HI6RBG4QIVB0,2022-03-25 13:27:15 -0700,2022-03-25 20:16:42 -0700,FeePayment,,Mechanical Turk,-0.280,3FCO4VKOZ4DJX4O4MBBNM9BBXRE7EA,36U2A8VAG1Z7K898V8HSM142DYNKY5
3NNCC8X87INF3D255GFVXNSZCE475D,2022-03-25 13:29:15 -0700,2022-03-25 19:22:43 -0700,AssignmentPayment,,A24GX1OZE6AY04,-1.400,3RZS0FBRWKAT6C8QM6Z9W72TC97CPT,3F6HPJW4JD08ENAIR1T018XSLQX2WY
3EFRE779D0KWOH8QPFUXZB94TSR2QC,2022-03-25 13:29:15 -0700,2022-03-25 20:16:42 -0700,FeePayment,,Mechanical Turk,-0.280,3RZS0FBRWKAT6C8QM6Z9W72TC97CPT,3F6HPJW4JD08ENAIR1T018XSLQX2WY
3M17CBE7V0OY404H86SC93X1YAN794,2022-03-25 13:29:15 -0700,2022-03-25 18:34:52 -0700,AssignmentPayment,,A2RBF3IIJP15IH,-1.400,30UZJB2POHC102UO9YFU5YTIFWT532,3RWE2M8QWHABVJYQKDYZM1RMVG90NL
3JHDAQX0YFIOGAF76OE29C6TWDX2UH,2022-03-25 13:29:15 -0700,2022-03-25 20:16:42 -0700,FeePayment,,Mechanical Turk,-0.280,30UZJB2POHC102UO9YFU5YTIFWT532,3RWE2M8QWHABVJYQKDYZM1RMVG90NL
3SWLNXT9KG575AVUBSS4JZJC18IF74,2022-03-25 13:33:14 -0700,2022-03-25 20:43:00 -0700,AssignmentPayment,,A1KYKDX6XH90OT,-1.400,3S37Y8CWI80GVHSC5D7M53Y1DTT4W3,3DYGAII7PL8ZMXF2HQ565WNZ8Z7PQ3
3ZYNMXRLYLNX60I7UYCH0T73N44ASG,2022-03-25 13:33:14 -0700,2022-03-25 20:16:42 -0700,FeePayment,,Mechanical Turk,-0.280,3S37Y8CWI80GVHSC5D7M53Y1DTT4W3,3DYGAII7PL8ZMXF2HQ565WNZ8Z7PQ3
3YDGVF13TPFFELTKPC5DQP0BN7VKHD,2022-03-25 13:34:15 -0700,2022-03-25 19:54:59 -0700,AssignmentPayment,,A13LKULUTCJCVU,-1.400,302OLP89DZ7MJ82OXNHC6CDYDN7ACB,3T111IHZ5EQE6BEVDGY9OWXPZHS9RU
3CIYP1VW4E85BSECMJPL5X52N5IG2V,2022-03-25 13:34:15 -0700,2022-03-25 20:16:42 -0700,FeePayment,,Mechanical Turk,-0.280,302OLP89DZ7MJ82OXNHC6CDYDN7ACB,3T111IHZ5EQE6BEVDGY9OWXPZHS9RU
30XO4ABQII702YBKKQ23BTY94VR7CM,2022-03-25 13:42:15 -0700,2022-03-25 21:07:03 -0700,AssignmentPayment,,ATH8AMGN0M40Q,-1.400,3MXX6RQ9EV5QB8VBTRTRD9Q5KWQP4T,3RWE2M8QWHABVJYQKDYZM1RMVG8N07
3274V5VSQ8P5XJZCGPBRCXC6S192YG,2022-03-25 13:42:15 -0700,2022-03-25 20:16:42 -0700,FeePayment,,Mechanical Turk,-0.280,3MXX6RQ9EV5QB8VBTRTRD9Q5KWQP4T,3RWE2M8QWHABVJYQKDYZM1RMVG8N07
3EXI7M8UMKCVKM3FWTIHXF2VYP8D5D,2022-03-25 13:44:15 -0700,2022-03-25 20:37:10 -0700,AssignmentPayment,,A1C2M60C697879,-1.400,3G3AJKPCXLSKKMNCKEPAQ0JHO1T4Y2,3ZPBJO59KP1DK7D9TRRHWOE93UMHD1
3SVPKSYJJVY7AWAF5W3Y92M7FSK8QM,2022-03-25 13:44:15 -0700,2022-03-25 20:16:42 -0700,FeePayment,,Mechanical Turk,-0.280,3G3AJKPCXLSKKMNCKEPAQ0JHO1T4Y2,3ZPBJO59KP1DK7D9TRRHWOE93UMHD1
3Y7JYMA2M8LMVGKGNW08IHBA386Q35,2022-03-25 13:49:14 -0700,2022-03-25 19:59:12 -0700,AssignmentPayment,,A3FUTMLIR91OLE,-1.400,35U0MRQMUJ77KL2PYNHZXZLSNBROVN,3EFE17QCRC5JMWWRQHM6RN094WISHQ
3G8JNHOTPP4HPRTJZ8XDE2I3UWXLPU,2022-03-25 13:49:14 -0700,2022-03-25 20:16:42 -0700,FeePayment,,Mechanical Turk,-0.280,35U0MRQMUJ77KL2PYNHZXZLSNBROVN,3EFE17QCRC5JMWWRQHM6RN094WISHQ
333KFK51CI4364DBLDCKLOOQK57T0H,2022-03-26 14:07:27 -0700,2022-03-26 18:00:23 -0700,AssignmentPayment,,A173EBJ4UXESWP,-1.400,3PGQRAZX02K3M7PNAFLSO3ZN2J8YSJ,352YTHGROVD0KBUG0GQOTKK3QMC4H4
3HH2L57EWPHPSRK3WL0D2UH2PNNON6,2022-03-26 14:07:27 -0700,2022-03-26 17:38:59 -0700,FeePayment,,Mechanical Turk,-0.280,3PGQRAZX02K3M7PNAFLSO3ZN2J8YSJ,352YTHGROVD0KBUG0GQOTKK3QMC4H4
303K2IIBOA6HOFDV6CXT03YDSJDT7H,2022-03-26 14:12:27 -0700,2022-03-26 19:54:57 -0700,AssignmentPayment,,ALYR5CI2SM2JC,-1.400,341H3G5YF0E3QOFGXZ4RS426DLU0ZQ,3ZAZR5XV01IP607PZH2DCP0WEP9ZC1
3UKOLXHAI0KNN4PNTHMPBTNUE59OT7,2022-03-26 14:12:27 -0700,2022-03-26 17:38:59 -0700,FeePayment,,Mechanical Turk,-0.280,341H3G5YF0E3QOFGXZ4RS426DLU0ZQ,3ZAZR5XV01IP607PZH2DCP0WEP9ZC1
3QA9KECZ1A20H8OWZF1N6GB6RMWTGK,2022-03-26 14:14:27 -0700,2022-03-26 18:36:12 -0700,AssignmentPayment,,AQRKP48O0WKBW,-1.400,3XJOUITW8URVS5BG859OLMS75T5TQ0,3IXQG4FA2TYRQ4X6HJCJOHSLH1LB9R
3MH2QKDNLB24ZKPF6YFUUN9PWREP1G,2022-03-26 14:14:27 -0700,2022-03-26 17:38:59 -0700,FeePayment,,Mechanical Turk,-0.280,3XJOUITW8URVS5BG859OLMS75T5TQ0,3IXQG4FA2TYRQ4X6HJCJOHSLH1LB9R
3DEN325EY8MEDZURP31QRSOM6ZOTIC,2022-03-26 14:14:27 -0700,2022-03-26 18:39:35 -0700,AssignmentPayment,,A237PUN7791D62,-1.400,3SD15I2WD2UXJ6U2EHPZX47IBTH36X,3SB4CE2TJVVC8QACELI199UX6MRAXE
3SQJAVYBEI909N3UT2TDIGOMUBSP38,2022-03-26 14:14:27 -0700,2022-03-26 17:38:59 -0700,FeePayment,,Mechanical Turk,-0.280,3SD15I2WD2UXJ6U2EHPZX47IBTH36X,3SB4CE2TJVVC8QACELI199UX6MRAXE
3EA12PJJD3R2UVKJV5L9RWO4LX9W2U,2022-03-26 14:15:27 -0700,2022-03-26 17:42:58 -0700,AssignmentPayment,,AKP66RIZ3LQVX,-1.400,3KTZHH2ONIFL96L0DERCDHCFHFO8M4,3TDXMTX3CBUEVT9EPM1OQU5WMQX6IK
3T1CC7XF4V2SP4CJODHHWPM70A7RNI,2022-03-26 14:15:27 -0700,2022-03-26 17:38:59 -0700,FeePayment,,Mechanical Turk,-0.280,3KTZHH2ONIFL96L0DERCDHCFHFO8M4,3TDXMTX3CBUEVT9EPM1OQU5WMQX6IK
3WCRPE6UPW2QFX5VDB19QPJMVQRSQP,2022-03-26 14:16:27 -0700,2022-03-26 19:44:32 -0700,AssignmentPayment,,AG0SJW5KHJ0G5,-1.400,30UZJB2POHC102UO9YFU5YTIFY635H,3KXIR214I4GW5LRYHVNH6GE113U42M
3JZAJ8EPQD4G6FTQ7RMA6P58BJLODO,2022-03-26 14:16:27 -0700,2022-03-26 17:38:59 -0700,FeePayment,,Mechanical Turk,-0.280,30UZJB2POHC102UO9YFU5YTIFY635H,3KXIR214I4GW5LRYHVNH6GE113U42M
33FV9N8BB0265GYLK861ECVLAT6WI5,2022-03-26 14:18:27 -0700,2022-03-26 21:00:47 -0700,AssignmentPayment,,AH798XWCT3UH3,-1.400,3D0LPO3EABZOOFXU3Y4J4YPM5U5YOM,3PJ71Z61R42QD6FEFMJUI5FCVPU916
3C0ACLZJK3CXMFJMLJX7DLTXHVZS3R,2022-03-26 14:18:27 -0700,2022-03-26 17:38:59 -0700,FeePayment,,Mechanical Turk,-0.280,3D0LPO3EABZOOFXU3Y4J4YPM5U5YOM,3PJ71Z61R42QD6FEFMJUI5FCVPU916
3I8AF5R9NOUJMEM4XGBANEM713NWQ8,2022-03-26 14:19:27 -0700,2022-03-26 20:00:53 -0700,AssignmentPayment,,A1INL9RS5TI9QB,-1.400,386659BNTLH6VSU8POVZ0AIU06H102,3IRIK4HM3AKNIQNEXC52FR719LD6CI
3Z5C7FN42L12PANZ0CCDV4R95NCSBI,2022-03-26 14:19:27 -0700,2022-03-26 17:38:59 -0700,FeePayment,,Mechanical Turk,-0.280,386659BNTLH6VSU8POVZ0AIU06H102,3IRIK4HM3AKNIQNEXC52FR719LD6CI
3W41L0HXNRFVZU1HPK0FIE18JR8SWT,2022-03-26 14:20:27 -0700,2022-03-26 20:26:49 -0700,AssignmentPayment,,A2B153AHPWHLH1,-1.400,34YWR3PJ28AELTF1WHG6VJMV5LW0XT,3IAS3U3I0FGGQKC7WAX4EUK7BVBB2Z
336529ZM5FPD1SBQAOS7SMBL2SKU39,2022-03-26 14:20:27 -0700,2022-03-26 17:38:59 -0700,FeePayment,,Mechanical Turk,-0.280,34YWR3PJ28AELTF1WHG6VJMV5LW0XT,3IAS3U3I0FGGQKC7WAX4EUK7BVBB2Z
3YHUQ6BGNR4B3UJMOP1RU2B1UCSTXC,2022-03-26 14:21:27 -0700,2022-03-26 17:55:08 -0700,AssignmentPayment,,A3J8AWULAZDBU4,-1.400,3JAOYN9IHL2YMN7KVFR1Q1VY12F33R,3M0NZ3JDP1Y47FYAK7F5YJUMM8NZ5T
3XKQ8KQ9BTDBU15JWNL0YN5BQ8EPJK,2022-03-26 14:21:27 -0700,2022-03-26 17:38:59 -0700,FeePayment,,Mechanical Turk,-0.280,3JAOYN9IHL2YMN7KVFR1Q1VY12F33R,3M0NZ3JDP1Y47FYAK7F5YJUMM8NZ5T
3SZC56ZF8RRWEUEWEK55SJXULAMWTM,2022-03-26 14:23:27 -0700,2022-03-26 17:39:29 -0700,AssignmentPayment,,A3RQT7330A8U3I,-1.400,3IHWR4LC7DDZDNV9SZTKLO5Y0648IO,3SEPORI8WNZ1DLARF36M6UA8EMPAZB
3GXB4YAMLNZ0WDZJA3E3WCXU8KPSEI,2022-03-26 14:23:27 -0700,2022-03-26 17:38:59 -0700,FeePayment,,Mechanical Turk,-0.280,3IHWR4LC7DDZDNV9SZTKLO5Y0648IO,3SEPORI8WNZ1DLARF36M6UA8EMPAZB
3OLN84USDBOS06NVKCUNE7YB668WZ2,2022-03-26 14:23:27 -0700,2022-03-26 19:04:36 -0700,AssignmentPayment,,ALN47U1AGCWWD,-1.400,3BVS8WK9Q0VIFLTGVBDUCQVZ8CPBIQ,3IXQG4FA2TYRQ4X6HJCJOHSLH1L9BP
30IAP7P1VA7E2J9BRP1797NEHHQSL5,2022-03-26 14:23:27 -0700,2022-03-26 17:38:59 -0700,FeePayment,,Mechanical Turk,-0.280,3BVS8WK9Q0VIFLTGVBDUCQVZ8CPBIQ,3IXQG4FA2TYRQ4X6HJCJOHSLH1L9BP
3T93YAJDZA0RM94W9O0JMUZ9EDBX4K,2022-03-26 14:24:27 -0700,2022-03-26 20:53:45 -0700,AssignmentPayment,,A2RBF3IIJP15IH,-1.400,3S8APUMBJXJY5URQU3799TI7SKXBFZ,33UKMF9319KA6501FB8LFBZJHFNTTY
3W9RXI5NNO8PTGPOJU93QTM8RNDSQU,2022-03-26 14:24:27 -0700,2022-03-26 17:38:59 -0700,FeePayment,,Mechanical Turk,-0.280,3S8APUMBJXJY5URQU3799TI7SKXBFZ,33UKMF9319KA6501FB8LFBZJHFNTTY
3RMDA2LRHL0B78P5O3A6U85FO5SXBQ,2022-03-26 14:24:27 -0700,2022-03-26 20:11:04 -0700,AssignmentPayment,,ACKG8OU1KHKO2,-1.400,3P4ZBJFX2V3QTXP1PU35W7VS2LEWFZ,3ND9UOO81K2EF9WQ17B5G4W1RWJWLO
32JJE4SR0JY92DQ0584VK1I1OQ0SXR,2022-03-26 14:24:27 -0700,2022-03-26 17:38:59 -0700,FeePayment,,Mechanical Turk,-0.280,3P4ZBJFX2V3QTXP1PU35W7VS2LEWFZ,3ND9UOO81K2EF9WQ17B5G4W1RWJWLO
3DN9YG6Z8C7U6R8PTUHJGDZYI4FZ64,2022-03-26 14:26:27 -0700,2022-03-26 18:38:08 -0700,AssignmentPayment,,A3GWHFIUJ5TNZV,-1.400,382GHPVPHSRJ4JQOVTWK06N4F2B34C,3Y54SXRO1LLP6IFQFGYVK7LL0TUTUP
31FIIHPWQI65KUWSLET3AKE1860URD,2022-03-26 14:26:27 -0700,2022-03-26 17:38:59 -0700,FeePayment,,Mechanical Turk,-0.280,382GHPVPHSRJ4JQOVTWK06N4F2B34C,3Y54SXRO1LLP6IFQFGYVK7LL0TUTUP
3SZBSUNOAA6NKHBHFGZ08B1K0Z6XLD,2022-03-26 14:27:27 -0700,2022-03-26 19:15:32 -0700,AssignmentPayment,,AK84D0JFR31KS,-1.400,37VE3DA4YUHIJQIWPTV9CEUK8ZABHX,3VA45EW49NNTKTJKHB2CFVA1QOG1OC
300KAMH4M2CG2YXOCV5N071ZOGZT7M,2022-03-26 14:27:27 -0700,2022-03-26 17:38:59 -0700,FeePayment,,Mechanical Turk,-0.280,37VE3DA4YUHIJQIWPTV9CEUK8ZABHX,3VA45EW49NNTKTJKHB2CFVA1QOG1OC
3TSEWOT1N35Q37YBOUR1ZYX3DQZXU7,2022-03-26 14:29:27 -0700,2022-03-26 19:17:43 -0700,AssignmentPayment,,A2RCYLKY072XXO,-1.400,309D674SHZLR2I7G31H81NX4V75BCO,3E13VNJ1NNVJO78HJGP7VYEFEFH1IH
39B96NU24UEDVN30P4RZRKQT2JVTHO,2022-03-26 14:29:27 -0700,2022-03-26 17:38:59 -0700,FeePayment,,Mechanical Turk,-0.280,309D674SHZLR2I7G31H81NX4V75BCO,3E13VNJ1NNVJO78HJGP7VYEFEFH1IH
3CI5H3RTFWC7KGIGYVOQ2J3G9EAXY5,2022-03-26 14:29:27 -0700,2022-03-26 17:34:39 -0700,AssignmentPayment,,AZXBVNZF65D8K,-1.400,3LN3BXKGC0VW7XLW0E9NESV430EWGY,3DPNQGW4LLFKNMAZ4XZKWTVDH8W645
3DPSUG9Z2ES9MTYQD4UK3X68FBZTJT,2022-03-26 14:29:27 -0700,2022-03-26 17:38:59 -0700,FeePayment,,Mechanical Turk,-0.280,3LN3BXKGC0VW7XLW0E9NESV430EWGY,3DPNQGW4LLFKNMAZ4XZKWTVDH8W645
3MOA3EBI3OWC51TUXUQP5RUBX8NUD2,2022-03-26 14:30:27 -0700,2022-03-26 19:04:36 -0700,AssignmentPayment,,ALN47U1AGCWWD,-1.400,3ZZAYRN1I6RS7TY0TSHKWHX7QSNTOS,3137ONMDKG54CHWY5GKJH6KTOBTGEN
3ICDOR7Y7QZ1UGANE9OMMHT196RPZ5,2022-03-26 14:30:27 -0700,2022-03-26 17:38:59 -0700,FeePayment,,Mechanical Turk,-0.280,3ZZAYRN1I6RS7TY0TSHKWHX7QSNTOS,3137ONMDKG54CHWY5GKJH6KTOBTGEN
3QDGNY2TWP7QPK10UNKNAJCBB3IZF7,2022-03-26 14:33:27 -0700,2022-03-26 17:44:12 -0700,AssignmentPayment,,AWXO0FRCW5SW6,-1.400,34R3P23QHS1A7TG7KKR5ZS75I0RWHX,374TNBHA8BVTVB738D1PINGBCA6QY6
38HU0GZYO9XH44MBSAOT0FY7IFFV17,2022-03-26 14:33:27 -0700,2022-03-26 17:38:59 -0700,FeePayment,,Mechanical Turk,-0.280,34R3P23QHS1A7TG7KKR5ZS75I0RWHX,374TNBHA8BVTVB738D1PINGBCA6QY6
3NJMZFXPN6F156TEVYBKQW4GJZZZK9,2022-03-26 14:33:27 -0700,2022-03-26 17:17:20 -0700,AssignmentPayment,,A455IWN9UFPD,-1.400,3ZLW647WALV915B1RFDW7RQ6VOF32G,34BBWHLWHABCP8OKG4ESOO49ASPWIA
3VAM5FDTOCEGSMNUTXQ535BOUVKV5P,2022-03-26 14:33:27 -0700,2022-03-26 17:38:59 -0700,FeePayment,,Mechanical Turk,-0.280,3ZLW647WALV915B1RFDW7RQ6VOF32G,34BBWHLWHABCP8OKG4ESOO49ASPWIA
38NYPDSI1KS2DOCG2O5JH7ECQFKVCS,2022-03-26 14:36:27 -0700,2022-03-26 19:00:52 -0700,AssignmentPayment,,A14EYTLSMJRPUK,-1.400,3ACRLU860NE6ZGRUZSN3RBX7GJIBEH,3J4Q2Z4UTY3P66C3TCJ1XQVV126QW7
3ONS89230GDXPXBND4FQP13062FQX0,2022-03-26 14:36:27 -0700,2022-03-26 17:38:59 -0700,FeePayment,,Mechanical Turk,-0.280,3ACRLU860NE6ZGRUZSN3RBX7GJIBEH,3J4Q2Z4UTY3P66C3TCJ1XQVV126QW7
30IE1TL2WLU3MD9JSTEAC78TFT3VOP,2022-03-26 14:38:27 -0700,2022-03-26 19:10:24 -0700,AssignmentPayment,,A19QYPR2AZIFV,-1.400,3EAWOID6MTXMH4A6W2FO7YPAPAO0VQ,3A1PQ49WVHHJSCXXDY7MVMD0E221HO
3LETAVGSC0B1RVYAYUBUISO69RQZNJ,2022-03-26 14:38:27 -0700,2022-03-26 17:38:59 -0700,FeePayment,,Mechanical Turk,-0.280,3EAWOID6MTXMH4A6W2FO7YPAPAO0VQ,3A1PQ49WVHHJSCXXDY7MVMD0E221HO
3X0OAUF5EGCID6DIH16U4PT28BL1UK,2022-03-26 14:40:27 -0700,2022-03-26 20:17:59 -0700,AssignmentPayment,,A3TBG0S2IEBVHU,-1.400,31JUPBOORN413O3FD2QXD4XQHAY8L2,3PMBY0YE273A09PCVJ8EZ1Y3ZML9CW
3MQZJ3QQRU16C8H9A8AEVNZY0F6XGC,2022-03-26 14:40:27 -0700,2022-03-26 17:38:59 -0700,FeePayment,,Mechanical Turk,-0.280,31JUPBOORN413O3FD2QXD4XQHAY8L2,3PMBY0YE273A09PCVJ8EZ1Y3ZML9CW
3O0GZ8R0BIPR4UO1X253DGLI3Q728M,2022-03-26 14:41:27 -0700,2022-03-26 19:06:40 -0700,AssignmentPayment,,A2QND8UPKPW8UD,-1.400,3W9XHF7WGKV9H2DLV0PRP0GY6NDTK8,3TE22NPXPBC68Z6LL965ZVBZLHQ44I
3TPE4SSULVBPHQI4UDZVZ20P9NLXUC,2022-03-26 14:41:27 -0700,2022-03-26 17:38:59 -0700,FeePayment,,Mechanical Turk,-0.280,3W9XHF7WGKV9H2DLV0PRP0GY6NDTK8,3TE22NPXPBC68Z6LL965ZVBZLHQ44I
3O3XYW91UJCTGXEEEEL8F2H1THS2CS,2022-03-26 14:41:27 -0700,2022-03-26 19:10:18 -0700,AssignmentPayment,,A2Q2L91XK36VG9,-1.400,3EHIMLB7F7ZZHSKPMHBZLC4J0TP8HV,3IUZPWIU1O73V3E8G7Z414JM2WEWKL
3UXKPVP7DB3HYUCZZIAIJ9ZT352XX4,2022-03-26 14:41:27 -0700,2022-03-26 17:38:59 -0700,FeePayment,,Mechanical Turk,-0.280,3EHIMLB7F7ZZHSKPMHBZLC4J0TP8HV,3IUZPWIU1O73V3E8G7Z414JM2WEWKL
3OTDCIJPFGBNG9R983VHMIGPI5RZQ1,2022-03-26 14:45:27 -0700,2022-03-26 20:32:53 -0700,AssignmentPayment,,A4KW3IFHUM5B7,-1.400,3I4E7AFQ2KZE6I73DFPFOLGLRYDTJ9,3LKC68YZ3A3MLUZNEZRX8L0VM1OWO5
3X5GT0VBDHHBWZ2N838O1HZG7CIVDX,2022-03-26 14:45:27 -0700,2022-03-26 17:38:59 -0700,FeePayment,,Mechanical Turk,-0.280,3I4E7AFQ2KZE6I73DFPFOLGLRYDTJ9,3LKC68YZ3A3MLUZNEZRX8L0VM1OWO5
3PFXLXQEWRA4S0Q48XDN3H8G2974ON,2022-03-26 14:46:27 -0700,2022-03-26 20:13:26 -0700,AssignmentPayment,,A3HNEYFOIJWPH1,-1.400,31S7M7DAGGQK18V3G01S40TDVNITLB,392CY0QWG1R0G6506Y89TWLIQZUI4E
3PY7XH0QH0SJ08OQTQFXUSQ0MVR09U,2022-03-26 14:46:27 -0700,2022-03-26 17:38:59 -0700,FeePayment,,Mechanical Turk,-0.280,31S7M7DAGGQK18V3G01S40TDVNITLB,392CY0QWG1R0G6506Y89TWLIQZUI4E
3I6EBHK5KB3X462ZP04RAEWC0XX06E,2022-03-26 14:49:27 -0700,2022-03-26 19:17:04 -0700,AssignmentPayment,,AH7HACNNRSIPO,-1.400,3K2CEDRACB147QDOGC274D82VS8TMD,3YDTZAI2WXGPG092YRN31X4W9XG415
38QUVPYW54XIDOYKUT836LH2AY6VTG,2022-03-26 14:49:27 -0700,2022-03-26 17:38:59 -0700,FeePayment,,Mechanical Turk,-0.280,3K2CEDRACB147QDOGC274D82VS8TMD,3YDTZAI2WXGPG092YRN31X4W9XG415
3EX82BJPL5F9S1H69JYGJI1HM3H0JK,2022-03-26 14:50:27 -0700,2022-03-26 18:11:10 -0700,AssignmentPayment,,A2FHJCRBRP7VH4,-1.400,38RHULDV9YFA3ORRQ29QZ48KID6WIQ,3180JW2OT4CE70T62LCJAP6W3ABJ5T
3FG4N0D5PRET7BNZJ7V1P7U214MW50,2022-03-26 14:50:27 -0700,2022-03-26 17:38:59 -0700,FeePayment,,Mechanical Turk,-0.280,38RHULDV9YFA3ORRQ29QZ48KID6WIQ,3180JW2OT4CE70T62LCJAP6W3ABJ5T
35D3GBR3931UFADK32TUV6JS7EM6GN,2022-03-26 15:02:27 -0700,2022-03-26 19:03:32 -0700,AssignmentPayment,,AVKREJG5AVX0G,-1.400,3OREP8RUT2B4JUNL5NDRREIJTZXBGY,3OXV7EAXLEQZ5QRV4JU1MO3738063K
3OXT9ZGHH8H87DO9404IYA1WLHN217,2022-03-26 15:02:27 -0700,2022-03-26 17:38:59 -0700,FeePayment,,Mechanical Turk,-0.280,3OREP8RUT2B4JUNL5NDRREIJTZXBGY,3OXV7EAXLEQZ5QRV4JU1MO3738063K
30IE1TL2WLU3MD9JSTEAC78TFT4VOQ,2022-03-26 15:08:27 -0700,2022-03-26 20:16:05 -0700,AssignmentPayment,,A29AKJXQ248KNK,-1.400,3TKSOBLOHLG8SDFAP1LDQ3RMDM5BBH,3DH6GAKTYYP2938UV9K29GSFHDRYZ8
3S2LMS37XWN7028PN3YCEORNVLRR9K,2022-03-26 15:08:27 -0700,2022-03-26 17:38:59 -0700,FeePayment,,Mechanical Turk,-0.280,3TKSOBLOHLG8SDFAP1LDQ3RMDM5BBH,3DH6GAKTYYP2938UV9K29GSFHDRYZ8
3JFS4AMAV4Y0LMUFZTA26M5KLFYBGE,2022-03-26 15:26:27 -0700,2022-03-26 19:27:36 -0700,AssignmentPayment,,A294NSAAV7CA8V,-1.400,3BFNCI9LYKQGN687XRUR3I7E64137W,3HMIGG0U4L6NP777MJKPWWVBI4L8YE
3601ZO3UYEJB3HZUXGZWIUX1UHO73L,2022-03-26 15:26:27 -0700,2022-03-26 17:38:59 -0700,FeePayment,,Mechanical Turk,-0.280,3BFNCI9LYKQGN687XRUR3I7E64137W,3HMIGG0U4L6NP777MJKPWWVBI4L8YE
3WY189A6PAPCW28HIP17O0HTQO65HX,2022-03-30 14:47:24 -0700,2022-03-30 17:47:19 -0700,AssignmentPayment,,A2Q5L9EPUGXGKC,-1.400,3BS6ERDL937V1YWZ76VBADTU28ZD62,3T111IHZ5EQE6BEVDGY9OWXPZ2OR9E
3OXT9ZGHH8H87DO9404IYA1WLN5120,2022-03-30 14:47:24 -0700,2022-03-30 17:58:09 -0700,FeePayment,,Mechanical Turk,-0.280,3BS6ERDL937V1YWZ76VBADTU28ZD62,3T111IHZ5EQE6BEVDGY9OWXPZ2OR9E
3J0DBZNN1QUEIYR79AG5GSA075F5L4,2022-03-30 14:47:24 -0700,2022-03-30 17:46:46 -0700,AssignmentPayment,,A3M1NU05K805GJ,-1.400,3LN50BUKPVBM9G2WZJS8ZQSG6MRPL0,386PBUZZXFXS9PWRU8SQRE2TPFBLJD
3HPY8DBHKPGWPE7AR2GLONI81S716H,2022-03-30 14:47:24 -0700,2022-03-30 17:58:09 -0700,FeePayment,,Mechanical Turk,-0.280,3LN50BUKPVBM9G2WZJS8ZQSG6MRPL0,386PBUZZXFXS9PWRU8SQRE2TPFBLJD
3CFA9J1JSWP46YUSLNWKTKEPC0F5N6,2022-03-30 14:47:24 -0700,2022-03-30 19:36:33 -0700,AssignmentPayment,,AVKREJG5AVX0G,-1.400,32204AGAABCEA7Q75FNNDPLHOEVHGH,3U0SRXB7CD5ZVDIPEQHE6XS94R5NR9
32DRFK7RN3VJTSQYKHDJ81EZ7NX183,2022-03-30 14:47:24 -0700,2022-03-30 17:58:09 -0700,FeePayment,,Mechanical Turk,-0.280,32204AGAABCEA7Q75FNNDPLHOEVHGH,3U0SRXB7CD5ZVDIPEQHE6XS94R5NR9
39DUNFSPNMD49J65129CX9JKCFG5P2,2022-03-30 14:48:24 -0700,2022-03-30 17:47:04 -0700,AssignmentPayment,,AQRKP48O0WKBW,-1.400,3VDVA3ILIDF36W5T3QK2L25A7PZG1H,3A4NIXBJ76ZIAX2CX55I76UAT96LMH
3VKYBUA52QZXCGJDHFXX4SKUXBX1A7,2022-03-30 14:48:24 -0700,2022-03-30 17:58:09 -0700,FeePayment,,Mechanical Turk,-0.280,3VDVA3ILIDF36W5T3QK2L25A7PZG1H,3A4NIXBJ76ZIAX2CX55I76UAT96LMH
3PIW9BBFE7S21BZCIJIW2JKH1I15T7,2022-03-30 14:48:24 -0700,2022-03-30 18:17:49 -0700,AssignmentPayment,,A2A0FWNGOIEP2Q,-1.400,3ZXNP4Z39RLX3AYW3XYRZ41V6SL7LB,3T3IWE1XG6NXEP89Y7EQA6OWXNPQTC
3CJMTVT6PSB02T0PXKZJ0BALIQV1E2,2022-03-30 14:48:24 -0700,2022-03-30 17:58:09 -0700,FeePayment,,Mechanical Turk,-0.280,3ZXNP4Z39RLX3AYW3XYRZ41V6SL7LB,3T3IWE1XG6NXEP89Y7EQA6OWXNPQTC
3FJ4FWECRZ8UTS36DON7P3RG5CJ5WX,2022-03-30 14:48:24 -0700,2022-03-30 17:50:20 -0700,AssignmentPayment,,A3TBG0S2IEBVHU,-1.400,307L9TDWJYS5QR0UDYBGZFT46LZN3O,3LEIZ60CDJZN820MNXSMAZZO8J7Z9F
3D2NGX59F5SCIY2BT3PALQ8DAJ21IB,2022-03-30 14:48:24 -0700,2022-03-30 17:58:09 -0700,FeePayment,,Mechanical Turk,-0.280,307L9TDWJYS5QR0UDYBGZFT46LZN3O,3LEIZ60CDJZN820MNXSMAZZO8J7Z9F
3CT73MJJFB6E3UK081RTMHMPHEV64S,2022-03-30 14:48:24 -0700,2022-03-30 19:03:31 -0700,AssignmentPayment,,A3TOSZLCEA1SAM,-1.400,3GKAWYFRAPT3B4E4M2UKGDKBXDPPDK,3OB0CAO74HPGII80PNEV99OAL2BHYW
3MH2QKDNLB24ZKPF6YFUUN9PWXX1PN,2022-03-30 14:48:24 -0700,2022-03-30 17:58:09 -0700,FeePayment,,Mechanical Turk,-0.280,3GKAWYFRAPT3B4E4M2UKGDKBXDPPDK,3OB0CAO74HPGII80PNEV99OAL2BHYW
3YTVWUSOEFS70FNAXVJQMC5L354DHD,2022-03-30 14:49:24 -0700,2022-03-30 17:16:17 -0700,AssignmentPayment,,A3LYWUCXUWQ5HO,-1.400,3G5RUKN2EC3R5TPAU7CQQSWQ6D9N95,3YMTUJH0DSGQPKLB0A7D73NR1V84T9
3UT86KDXCT6FH0NNCDXGWQO7PDT93S,2022-03-30 14:49:24 -0700,2022-03-30 17:58:09 -0700,FeePayment,,Mechanical Turk,-0.280,3G5RUKN2EC3R5TPAU7CQQSWQ6D9N95,3YMTUJH0DSGQPKLB0A7D73NR1V84T9
3LV7ZK55QVX9MB60OGYOE4YSKMDDLK,2022-03-30 14:49:24 -0700,2022-03-30 19:22:59 -0700,AssignmentPayment,,A1KJC4HLMR0SLK,-1.400,3VGET1QSZ0ZDE4AV7B5T8FIB4ZP7W4,3FE2ERCCZX8W1L2M2DD2GRSZTJMOPX
3MY7KFD0TSUXIJOAEP06970NUFF97X,2022-03-30 14:49:24 -0700,2022-03-30 17:58:09 -0700,FeePayment,,Mechanical Turk,-0.280,3VGET1QSZ0ZDE4AV7B5T8FIB4ZP7W4,3FE2ERCCZX8W1L2M2DD2GRSZTJMOPX
3GPSUT3CYVSBJTJNQPQOXVAIW5CF90,2022-03-30 14:50:24 -0700,2022-03-30 19:40:13 -0700,AssignmentPayment,,A47URLTFK9TX7,-1.400,39AYGO6AFFK4NANCW09E6I5OGC1N6U,3ZWFC4W1UU7N7L58G2Y1YSJ020JRF6
3Q4ICLROJX0DLDABJ37HFUPR88VAUG,2022-03-30 14:50:24 -0700,2022-03-30 17:58:09 -0700,FeePayment,,Mechanical Turk,-0.280,39AYGO6AFFK4NANCW09E6I5OGC1N6U,3ZWFC4W1UU7N7L58G2Y1YSJ020JRF6
3K03UZZA62DHBS097R1AJQ0765GFQM,2022-03-30 14:50:24 -0700,2022-03-30 20:56:54 -0700,AssignmentPayment,,A282M1L6DVGUZ4,-1.400,3UUSLRKAUL3E5YA4QG03GRTQXJJD71,36ZN444YTRY4KZFIPINI7URN75ROIL
3O56BHFXHF938O6XPQQI5FH9159BBV,2022-03-30 14:50:24 -0700,2022-03-30 17:58:09 -0700,FeePayment,,Mechanical Turk,-0.280,3UUSLRKAUL3E5YA4QG03GRTQXJJD71,36ZN444YTRY4KZFIPINI7URN75ROIL
3HMO7VLRI9YKD8MDGL6KVQXMUS0DQ9,2022-03-30 14:51:24 -0700,2022-03-30 18:07:52 -0700,AssignmentPayment,,AX8NXTT8QMGHC,-1.400,3VP28W7DUNKUNSU60HNCVBPAJPCFZ6,3G5W44VEU7I7YHO812VMF1XY8NPKG5
3D8DFTOM8UJDZSPK523S9ZAJGQI9DQ,2022-03-30 14:51:24 -0700,2022-03-30 17:58:09 -0700,FeePayment,,Mechanical Turk,-0.280,3VP28W7DUNKUNSU60HNCVBPAJPCFZ6,3G5W44VEU7I7YHO812VMF1XY8NPKG5
3NWGOH8VV4O4M5NP2Z1CPYTFRVNDX6,2022-03-30 14:51:24 -0700,2022-03-30 17:46:46 -0700,AssignmentPayment,,A3M1NU05K805GJ,-1.400,3SCKNODZ0XGNRA1HFAE6CW5KBNL7ND,3DYGAII7PL8ZMXF2HQ565WNZ8K4QP7
3Z9ALZ033QAU7356XG430WQW8VQ9IS,2022-03-30 14:51:24 -0700,2022-03-30 17:58:09 -0700,FeePayment,,Mechanical Turk,-0.280,3SCKNODZ0XGNRA1HFAE6CW5KBNL7ND,3DYGAII7PL8ZMXF2HQ565WNZ8K4QP7
307R1T9SE6WYSP6Z9KCS7UB5OHSEG8,2022-03-30 14:52:24 -0700,2022-03-30 18:04:30 -0700,AssignmentPayment,,A1AXN8VOE1LBL3,-1.400,39KV3A5D187K7NTMN6VSBQFQYMT7SP,32Q90QCQ1SL9E3SHV75YFYCMV7AKEO
3H4N3MT7OXZ411190JXB9BUZPHBA2X,2022-03-30 14:52:24 -0700,2022-03-30 17:58:09 -0700,FeePayment,,Mechanical Turk,-0.280,39KV3A5D187K7NTMN6VSBQFQYMT7SP,32Q90QCQ1SL9E3SHV75YFYCMV7AKEO
3PN8AUJJR9IYKZ2LKNANKZV2K34EMG,2022-03-30 14:52:24 -0700,2022-03-30 17:30:19 -0700,AssignmentPayment,,A1OWM3QO7QAKBN,-1.400,34XASH8KLQM6FYKHZVTNZ3756RHPM2,3LKC68YZ3A3MLUZNEZRX8L0VMGPWO0
3TYE90VWCWUBN2YF6VE652B70XXA7D,2022-03-30 14:52:24 -0700,2022-03-30 17:58:09 -0700,FeePayment,,Mechanical Turk,-0.280,34XASH8KLQM6FYKHZVTNZ3756RHPM2,3LKC68YZ3A3MLUZNEZRX8L0VMGPWO0
324KQZL5NS8P5E0DCGH418F7U41EQ3,2022-03-30 14:52:24 -0700,2022-03-30 19:34:55 -0700,AssignmentPayment,,A2WXWUYSUFAW69,-1.400,3L84EBDQ372AEJNY1RBZO9T2NCGKKR,3X0H8UUIT1O1JMRGLG86SQAWJ5SWSX
3OYHQZJEDFVYPE15JCQMA4X3JNOABZ,2022-03-30 14:52:24 -0700,2022-03-30 17:58:09 -0700,FeePayment,,Mechanical Turk,-0.280,3L84EBDQ372AEJNY1RBZO9T2NCGKKR,3X0H8UUIT1O1JMRGLG86SQAWJ5SWSX
3Q19P5D1KF2Z8OCNXWHD0ASBZ8OG1R,2022-03-30 14:53:24 -0700,2022-03-30 20:44:22 -0700,AssignmentPayment,,A1E7BJD2B86I1V,-1.400,3INZSNUD80QIJHYX5DYNUNKWS97D9D,3Z7ISHFUH0VNUXHCI5M8A34DODPZ8Q
3IX1RTVQ1AA59XVUSGVRWAH3IUNBNK,2022-03-30 14:53:24 -0700,2022-03-30 17:58:09 -0700,FeePayment,,Mechanical Turk,-0.280,3INZSNUD80QIJHYX5DYNUNKWS97D9D,3Z7ISHFUH0VNUXHCI5M8A34DODPZ8Q
3Q4DM65EVI3JVRMLDT6XH6B235FGCH,2022-03-30 14:53:24 -0700,2022-03-30 20:59:03 -0700,AssignmentPayment,,ALYR5CI2SM2JC,-1.400,3HXK2V1N4KFAVHNPMUKGQLFFZVDG2Y,3FQ5JJ512LOD895UO68H5L6V9ZBKND
3RJDI6KKFD6ALR9YUMI0UC81K8XBX4,2022-03-30 14:53:24 -0700,2022-03-30 17:58:09 -0700,FeePayment,,Mechanical Turk,-0.280,3HXK2V1N4KFAVHNPMUKGQLFFZVDG2Y,3FQ5JJ512LOD895UO68H5L6V9ZBKND
3IQC40WWK8LHAMWUYFBE7VEFBWGEVX,2022-03-30 14:54:24 -0700,2022-03-30 18:36:43 -0700,AssignmentPayment,,A1N4B3RUU71Q8E,-1.400,3SCKNODZ0XGNRA1HFAE6CW5KBNLN7T,3TXD01ZLD4H5PX000FXNCZ9TK9F4U0
3D8DFTOM8UJDZSPK523S9ZAJGQID9U,2022-03-30 14:54:24 -0700,2022-03-30 17:58:09 -0700,FeePayment,,Mechanical Turk,-0.280,3SCKNODZ0XGNRA1HFAE6CW5KBNLN7T,3TXD01ZLD4H5PX000FXNCZ9TK9F4U0
3DJYEDDRL2WD246SULEFHBRL48EHSB,2022-03-30 14:54:24 -0700,2022-03-30 20:17:39 -0700,AssignmentPayment,,A4KW3IFHUM5B7,-1.400,33Q5P9PUSPMNKGAW9FXBN547MCKCZS,3WMOAN2SRBXROKZ6NAMO7UHCPXINV2
3GPC3BP59HLP2I21HI8UVVT97BXDDB,2022-03-30 14:54:24 -0700,2022-03-30 17:58:09 -0700,FeePayment,,Mechanical Turk,-0.280,33Q5P9PUSPMNKGAW9FXBN547MCKCZS,3WMOAN2SRBXROKZ6NAMO7UHCPXINV2
3ZFH44Y6JUO69LN1EQOGE0U6ALAHWQ,2022-03-30 14:54:24 -0700,2022-03-30 18:06:28 -0700,AssignmentPayment,,A2FP41BSPG0Y4A,-1.400,3YLTXLH3DF6KNKJ68YDA7YZ9P5IHPL,3H7Z272LX77OV0ZPPLXAOAO5YEHLPD
3YQV4YRHC7Y6EY733ERKMG87Z3QDHK,2022-03-30 14:54:24 -0700,2022-03-30 17:58:09 -0700,FeePayment,,Mechanical Turk,-0.280,3YLTXLH3DF6KNKJ68YDA7YZ9P5IHPL,3H7Z272LX77OV0ZPPLXAOAO5YEHLPD
3EJ3J1EXFRFDXQX0R1DG7HMH9TAI0I,2022-03-30 14:54:24 -0700,2022-03-30 20:46:32 -0700,AssignmentPayment,,AQ3J0BIA96PXM,-1.400,3PUV2Q8SV4417ADU3XCJLTFMG9ADBN,3TVSS0C0E102YM4VAGDW2V6ILO6WTM
3LS77O4YON380UQTUZ6IE81EGKZDLR,2022-03-30 14:54:24 -0700,2022-03-30 17:58:09 -0700,FeePayment,,Mechanical Turk,-0.280,3PUV2Q8SV4417ADU3XCJLTFMG9ADBN,3TVSS0C0E102YM4VAGDW2V6ILO6WTM
3UFY08UHGAQZ28BHAFWXWBFKP81GSB,2022-03-30 14:55:24 -0700,2022-03-30 17:24:17 -0700,AssignmentPayment,,AMZLNNY217MQE,-1.400,3NZ1E5QA6Z163XY1ORU0NHRU3SC5B7,3O6CYIULED1HYZJKAL367RSK42DWUD
3R4U7SL5VC2FXQWNHMDJBPBRMBLCDA,2022-03-30 14:55:24 -0700,2022-03-30 17:58:09 -0700,FeePayment,,Mechanical Turk,-0.280,3NZ1E5QA6Z163XY1ORU0NHRU3SC5B7,3O6CYIULED1HYZJKAL367RSK42DWUD
3LLTQWUK1M3FHL3LZKRXBCX8A5MGUR,2022-03-30 14:55:24 -0700,2022-03-30 19:34:41 -0700,AssignmentPayment,,A1BPU6PHYCXFRT,-1.400,33P2GD6NRNSJCTMQV682BHDAVVCKHN,32Z9ZLUT1LK4O44YJ05X7IQ87SCOHS
3UI9UWZOJ5HCVAAJ8S89ZPECYO1CFL,2022-03-30 14:55:24 -0700,2022-03-30 17:58:09 -0700,FeePayment,,Mechanical Turk,-0.280,33P2GD6NRNSJCTMQV682BHDAVVCKHN,32Z9ZLUT1LK4O44YJ05X7IQ87SCOHS
34BKBBSCTFAWYUNQ9LOMEX3L6TXGYP,2022-03-30 14:55:24 -0700,2022-03-30 17:15:59 -0700,AssignmentPayment,,A2B153AHPWHLH1,-1.400,367O8HRHKG8NO0B3L8XL8EVG7K3S4Q,3R0T90IZ1SCPFJCK9PEORIKQ3EGCGK
3DJWW82EWMTS0CWFRIZUEN64RVICJO,2022-03-30 14:55:24 -0700,2022-03-30 17:58:09 -0700,FeePayment,,Mechanical Turk,-0.280,367O8HRHKG8NO0B3L8XL8EVG7K3S4Q,3R0T90IZ1SCPFJCK9PEORIKQ3EGCGK
3AJPEI4SNL1D1VMGLJVV75L29GVH0O,2022-03-30 14:55:24 -0700,2022-03-30 19:15:08 -0700,AssignmentPayment,,AJXIC6Q5EM76P,-1.400,3B0MCRZMBRUC01HURBLFG710BWSPPY,345LHZDEDXSK71HW01S42UHN69IU34
3W7PB50YAIKYV2KFU3B7U2JWVKNCLQ,2022-03-30 14:55:24 -0700,2022-03-30 17:58:09 -0700,FeePayment,,Mechanical Turk,-0.280,3B0MCRZMBRUC01HURBLFG710BWSPPY,345LHZDEDXSK71HW01S42UHN69IU34
3OH3UGADEV78F68VN8BCG6VTMJHH6P,2022-03-30 14:55:24 -0700,2022-03-30 21:03:24 -0700,AssignmentPayment,,A3418P6ZSY9PNJ,-1.400,3G4VVJO6PZGBPAKEEJG7KQF1HMMPKX,3DQQ64TANGL46UBOTZ4CXL5LWLLWPH
36Y2ER0QKE69Y0FSZN83GESV1CCCRG,2022-03-30 14:55:24 -0700,2022-03-30 17:58:09 -0700,FeePayment,,Mechanical Turk,-0.280,3G4VVJO6PZGBPAKEEJG7KQF1HMMPKX,3DQQ64TANGL46UBOTZ4CXL5LWLLWPH
3HSLYMM0EZOFMV72K4H63T2UJ0R68Z,2022-03-30 14:57:24 -0700,2022-03-30 19:05:08 -0700,AssignmentPayment,,A2B1YSMEHN1G2K,-1.400,3UYRNV2KITZRRO60PF6CQW1FM7RN8G,3AAJC4I4FGSCEEDV99JZZTDR4OJZJA
38HU0GZYO9XH44MBSAOT0FY7ILY1V8,2022-03-30 14:57:24 -0700,2022-03-30 17:58:09 -0700,FeePayment,,Mechanical Turk,-0.280,3UYRNV2KITZRRO60PF6CQW1FM7RN8G,3AAJC4I4FGSCEEDV99JZZTDR4OJZJA
3HV2XA41X0BHYYXF1GXB5FYD9RC6C5,2022-03-30 14:57:24 -0700,2022-03-30 17:34:56 -0700,AssignmentPayment,,A2HBOSV7EU92LA,-1.400,3WGCNLZJKF80UCV210JUFH2DUXJD14,3WS1NTTKEYCZ7RL9MPFMEWIDTAJF0V
3Y5U31BB4OA98TR6SPPBO0VSYW61XB,2022-03-30 14:57:24 -0700,2022-03-30 17:58:09 -0700,FeePayment,,Mechanical Turk,-0.280,3WGCNLZJKF80UCV210JUFH2DUXJD14,3WS1NTTKEYCZ7RL9MPFMEWIDTAJF0V
35D3GBR3931UFADK32TUV6JS7J46GF,2022-03-30 14:57:24 -0700,2022-03-30 21:06:02 -0700,AssignmentPayment,,AH798XWCT3UH3,-1.400,3J94SKDEKIPZIUWL2NL6I7FU6DOD5M,3S4AW7T80BI267D6R15MLCDA7IM4L6
3OXT9ZGHH8H87DO9404IYA1WLN5211,2022-03-30 14:57:24 -0700,2022-03-30 17:58:09 -0700,FeePayment,,Mechanical Turk,-0.280,3J94SKDEKIPZIUWL2NL6I7FU6DOD5M,3S4AW7T80BI267D6R15MLCDA7IM4L6
30B13AVICXJGIMP7S7FEITIUHMLINT,2022-03-30 14:58:24 -0700,2022-03-30 18:45:52 -0700,AssignmentPayment,,A26M997VYVK0E6,-1.400,39XCQ6V3KY40XLH6S0DSC152PR156M,39DD6S19JPB43YR3V8882D0ZZGNEZ4
3YQ9YXO0DDTIRY3K1XECFHS4G2JE9O,2022-03-30 14:58:24 -0700,2022-03-30 17:58:09 -0700,FeePayment,,Mechanical Turk,-0.280,39XCQ6V3KY40XLH6S0DSC152PR156M,39DD6S19JPB43YR3V8882D0ZZGNEZ4
3HNH8CHEVNA1XKHZLEWVRDN4IJAIRH,2022-03-30 14:58:24 -0700,2022-03-30 19:42:21 -0700,AssignmentPayment,,A1S2NQYJGZ0C5F,-1.400,3FHTJGYT8N06NOOVOSVSMYN8A55PGU,3VELCLL3GKJZEG6RI8JMS11NY2PF1Y
3CMQQWLJ0VCKPWANDHO3H7TCMNMEC5,2022-03-30 14:58:24 -0700,2022-03-30 17:58:09 -0700,FeePayment,,Mechanical Turk,-0.280,3FHTJGYT8N06NOOVOSVSMYN8A55PGU,3VELCLL3GKJZEG6RI8JMS11NY2PF1Y
38P79KNZYKNTDC9GP8R0WOAOPIEIUL,2022-03-30 14:58:24 -0700,2022-03-30 20:32:13 -0700,AssignmentPayment,,A1YQ7QQOWFU939,-1.400,31N9JPQXIPIKKZ7TSJ0I39UEPQHHNP,3K9FOBBF2HJOSFNC96KIKLJAYZGLNH
34LN9J322TARS8UX4JE4PDEFJ0EEFG,2022-03-30 14:58:24 -0700,2022-03-30 17:58:09 -0700,FeePayment,,Mechanical Turk,-0.280,31N9JPQXIPIKKZ7TSJ0I39UEPQHHNP,3K9FOBBF2HJOSFNC96KIKLJAYZGLNH
3JS9BEWWGYT59TG3S6GZLGZOPKJJ3Q,2022-03-30 14:59:24 -0700,2022-03-30 20:52:58 -0700,AssignmentPayment,,A237PUN7791D62,-1.400,3P7RGTLO6ED426ECP0YAUVQ6I0MKAC,3X73LLYYQ1EM6J4MIL5KSTQ3HI7HN6
3WNK289EF2W3JLJRIMA917SJL61EPJ,2022-03-30 14:59:24 -0700,2022-03-30 17:58:09 -0700,FeePayment,,Mechanical Turk,-0.280,3P7RGTLO6ED426ECP0YAUVQ6I0MKAC,3X73LLYYQ1EM6J4MIL5KSTQ3HI7HN6
3DMWO43LYUNTMTCMLZR0EJ3IVXWJCO,2022-03-30 14:59:24 -0700,2022-03-30 17:30:19 -0700,AssignmentPayment,,A1OWM3QO7QAKBN,-1.400,3WJGKMRWVI9KHF50HX8EWDL4YUADCU,3TMSXRD2X601P2SM8XTMWPNNT5G1WJ
38BCFP72YF48SULI4DKQVKEMN5AEX7,2022-03-30 14:59:24 -0700,2022-03-30 17:58:09 -0700,FeePayment,,Mechanical Turk,-0.280,3WJGKMRWVI9KHF50HX8EWDL4YUADCU,3TMSXRD2X601P2SM8XTMWPNNT5G1WJ
3V20CBKUXM644U7006HCU37DWPIKSI,2022-03-30 15:00:24 -0700,2022-03-30 20:56:31 -0700,AssignmentPayment,,A1ZLGMNPK6QOEZ,-1.400,31MCUE39BKMZGZJ8QUYL9VK759DG39,3NLZY2D53PP9VC04PYCZOFEF3A3LQ4
3FMVQT877FSSE2CSJ8921GW6K3DGDO,2022-03-30 15:00:24 -0700,2022-03-30 17:58:09 -0700,FeePayment,,Mechanical Turk,-0.280,31MCUE39BKMZGZJ8QUYL9VK759DG39,3NLZY2D53PP9VC04PYCZOFEF3A3LQ4
3HYJ2259VEYXBBO9KBRDRSAY22EKWX,2022-03-30 15:00:24 -0700,2022-03-30 18:53:38 -0700,AssignmentPayment,,AWVLT2L5AP873,-1.400,3I7SHAD35MWH9SGH39Z6ZHGK6XB7MD,3HYA4D452RJ631ON1CJ0XKBSQ83F2F
3XNERGAJA559QIHU54SSS1B4CV6GHX,2022-03-30 15:00:24 -0700,2022-03-30 17:58:09 -0700,FeePayment,,Mechanical Turk,-0.280,3I7SHAD35MWH9SGH39Z6ZHGK6XB7MD,3HYA4D452RJ631ON1CJ0XKBSQ83F2F
33T0SXD3HE220RIR2QR1QDALNDEJWX,2022-03-30 15:01:24 -0700,2022-03-30 20:28:23 -0700,AssignmentPayment,,AIOOOO5OXWXKM,-1.400,3KL228NDMVM5CXRFB0QKQH19GVZKGO,37XITHEISW9G49LYP080QMYX5NRRCV
314AR25000D3CILZUKMAAGBSBG6FHX,2022-03-30 15:01:24 -0700,2022-03-30 17:58:09 -0700,FeePayment,,Mechanical Turk,-0.280,3KL228NDMVM5CXRFB0QKQH19GVZKGO,37XITHEISW9G49LYP080QMYX5NRRCV
39QGDX3WI3T8Z8CB525YRQJ630GNPA,2022-03-30 15:02:24 -0700,2022-03-30 20:29:24 -0700,AssignmentPayment,,A1PTH9KTRO06EG,-1.400,3RIHDBQ1NEYE2HMTGILIQU5EK07HMP,3RUIQRXJBBOY4FKRXT437TFLT4GLLF
36UBECJAW8O9Q749DI3Z330M9AIJBO,2022-03-30 15:02:24 -0700,2022-03-30 17:58:09 -0700,FeePayment,,Mechanical Turk,-0.280,3RIHDBQ1NEYE2HMTGILIQU5EK07HMP,3RUIQRXJBBOY4FKRXT437TFLT4GLLF
3T07FN44OOW5C0S3XJ9SMVOHQKNNSQ,2022-03-30 15:02:24 -0700,2022-03-30 18:14:29 -0700,AssignmentPayment,,A25AYMSZNDW1VJ,-1.400,3JU8CV4BRLCUF15TCB80R7WA1RWPOH,3ZAZR5XV01IP607PZH2DCP0WE4AZCW
324ESR6EARC2542TREU5YTOMCVUJDV,2022-03-30 15:02:24 -0700,2022-03-30 17:58:09 -0700,FeePayment,,Mechanical Turk,-0.280,3JU8CV4BRLCUF15TCB80R7WA1RWPOH,3ZAZR5XV01IP607PZH2DCP0WE4AZCW
3K625B47909LRDK7MO4S1W65BH8NU6,2022-03-30 15:02:24 -0700,2022-03-30 17:12:53 -0700,AssignmentPayment,,A2SWN2VLSQCMT8,-1.400,3UY4PIS8QRL9GOMFQUXXBME781LN1W,3DR23U6WE5E8HMI4PGJQGPZIEK1TE3
35ITFVKXYKRZ3OGPIKPVMTR7O8AJF6,2022-03-30 15:02:24 -0700,2022-03-30 17:58:09 -0700,FeePayment,,Mechanical Turk,-0.280,3UY4PIS8QRL9GOMFQUXXBME781LN1W,3DR23U6WE5E8HMI4PGJQGPZIEK1TE3
3PFXLXQEWRA4S0Q48XDN3H8G2EPO4Z,2022-03-30 15:02:24 -0700,2022-03-30 17:53:52 -0700,AssignmentPayment,,A3U0FIF5DKSUD8,-1.400,3LOJFQ4BOXF20DHO9APCKWYC33JKDE,33CID57104THOBU2RN03B7L4TIPL31
3XKQ8KQ9BTDBU15JWNL0YN5BQEXJP9,2022-03-30 15:02:24 -0700,2022-03-30 17:58:09 -0700,FeePayment,,Mechanical Turk,-0.280,3LOJFQ4BOXF20DHO9APCKWYC33JKDE,33CID57104THOBU2RN03B7L4TIPL31
3UEBGXTVVFS5B1D6K030KTOL40LO86,2022-03-30 15:02:24 -0700,2022-03-30 19:35:19 -0700,AssignmentPayment,,AIIOT9A7ARQZW,-1.400,3D42WVSDH8VUI2K14VLTH4G8DV8FYF,3LJ7UR74RHDSU7GR3EL1Y4HZCDM4N8
380C0YRK2QTOM6DFD9KU8TSAYVPJU5,2022-03-30 15:02:24 -0700,2022-03-30 17:58:09 -0700,FeePayment,,Mechanical Turk,-0.280,3D42WVSDH8VUI2K14VLTH4G8DV8FYF,3LJ7UR74RHDSU7GR3EL1Y4HZCDM4N8
3LQ7IH8GQPVVA1MOV3TR18R5TEEM3X,2022-03-30 15:03:24 -0700,2022-03-30 19:36:52 -0700,AssignmentPayment,,A2ZM10511OH8WY,-1.400,3SZYX62S5G0J1LVBBAIKIF5YK2L57L,3FFJ6VRIL1OJHINZNXL7HTV592BI0P
3T67KRBCD9ZF3VAT8NIFMAPWDMTHP2,2022-03-30 15:03:24 -0700,2022-03-30 17:58:09 -0700,FeePayment,,Mechanical Turk,-0.280,3SZYX62S5G0J1LVBBAIKIF5YK2L57L,3FFJ6VRIL1OJHINZNXL7HTV592BI0P
38OKST0I476VUML94I81OG5BZO6MAT,2022-03-30 15:03:24 -0700,2022-03-30 20:53:32 -0700,AssignmentPayment,,A2OOS7IXSKJFFI,-1.400,3WRBLBQ2GR83Z7KB77G27XM02XTG0E,3JV9LGBJWTEQO89NZUNFMIE7SSZOGT
3F6ZUNXNG7US8F7PUZRES2EEZAUHVN,2022-03-30 15:03:24 -0700,2022-03-30 17:58:09 -0700,FeePayment,,Mechanical Turk,-0.280,3WRBLBQ2GR83Z7KB77G27XM02XTG0E,3JV9LGBJWTEQO89NZUNFMIE7SSZOGT
3FKUV7F58LPJN1I7OW4SUBVZZRRMCV,2022-03-30 15:03:24 -0700,2022-03-30 17:08:35 -0700,AssignmentPayment,,A3EBLK7335F8AU,-1.400,37PGLWGSJT6J8OXA1OQNBTEPV8RKIG,3YW4XOSQKQLOXY3HDXELE12Q8P4U1C
35UZX890WM7KC4CKUESWGNBZFL2HXQ,2022-03-30 15:03:24 -0700,2022-03-30 17:58:09 -0700,FeePayment,,Mechanical Turk,-0.280,37PGLWGSJT6J8OXA1OQNBTEPV8RKIG,3YW4XOSQKQLOXY3HDXELE12Q8P4U1C
3STJ2RZIGQ31V4J1NJLJICL0YJPP3W,2022-03-30 15:04:24 -0700,2022-03-30 20:06:34 -0700,AssignmentPayment,,A1BWK2S0TPQTTT,-1.400,3W31J70BASWSVLBA9EU10QGUI37KCE,3YHH42UU5BFL7JV580IK99NXQ65L06
3BP9IPIFPT965LB1E8LCZ25O53XKP9,2022-03-30 15:04:24 -0700,2022-03-30 17:58:09 -0700,FeePayment,,Mechanical Turk,-0.280,3W31J70BASWSVLBA9EU10QGUI37KCE,3YHH42UU5BFL7JV580IK99NXQ65L06
3MKPGTO6FLANW1P7Z0GF9TTBE5HP8O,2022-03-30 15:04:24 -0700,2022-03-30 18:06:28 -0700,AssignmentPayment,,A2FP41BSPG0Y4A,-1.400,39O0SQZVJN7868T98HVNLGAUCKA7R1,3CP1TO84PT1E14VYV06RB8KF1EQ52N
3RUB4L15GEO4XD48VPUW4C6LU6IKTE,2022-03-30 15:04:24 -0700,2022-03-30 17:58:09 -0700,FeePayment,,Mechanical Turk,-0.280,39O0SQZVJN7868T98HVNLGAUCKA7R1,3CP1TO84PT1E14VYV06RB8KF1EQ52N
3B67WC6QE08C71B534UMVDBDSQON2N,2022-03-30 15:05:24 -0700,2022-03-30 20:26:19 -0700,AssignmentPayment,,A1INL9RS5TI9QB,-1.400,3GITHABACYLG594B9YXBG5OC07ZN2D,36NEMU28XFDYLREB1JCKGHBQRGAWML
3081BEUBAPPFW590YQN8IXLGDK7IN0,2022-03-30 15:05:24 -0700,2022-03-30 17:58:09 -0700,FeePayment,,Mechanical Turk,-0.280,3GITHABACYLG594B9YXBG5OC07ZN2D,36NEMU28XFDYLREB1JCKGHBQRGAWML
3C20NO5MJBZT25P3LUXFVKEB8B3PQZ,2022-03-30 15:06:24 -0700,2022-03-30 18:30:17 -0700,AssignmentPayment,,A10HW8JXM17XLD,-1.400,3JYPJ2TAYI809OS0D8PA4DNW9Q5PFV,3GS6S824SQX439ZBDKRKTW0QW6KNWC
3LS77O4YON380UQTUZ6IE81EGKZLDZ,2022-03-30 15:06:24 -0700,2022-03-30 17:58:09 -0700,FeePayment,,Mechanical Turk,-0.280,3JYPJ2TAYI809OS0D8PA4DNW9Q5PFV,3GS6S824SQX439ZBDKRKTW0QW6KNWC
3H4MJ7VD4QXLUYWK23HK5LB0BW9PU4,2022-03-30 15:06:24 -0700,2022-03-30 20:20:23 -0700,AssignmentPayment,,A1XF8IKUKYRHI5,-1.400,3YLTXLH3DF6KNKJ68YDA7YZ9P5IPHT,3VNL7UK1XFJ0N0I0KR3WY7KIQLGTFL
3O6MUSIHCGI5YE4PL518284ZSXFLFA,2022-03-30 15:06:24 -0700,2022-03-30 17:58:09 -0700,FeePayment,,Mechanical Turk,-0.280,3YLTXLH3DF6KNKJ68YDA7YZ9P5IPHT,3VNL7UK1XFJ0N0I0KR3WY7KIQLGTFL
3XHDCG5HQN7JW8J32VFCRLV893G14Q,2022-03-30 15:07:24 -0700,2022-03-30 18:10:07 -0700,AssignmentPayment,,A1K4FKVCBTX1RN,-1.400,33P2GD6NRNSJCTMQV682BHDAVVCHKK,37Q970SNZE88ILBDOSJLZ0K2NSK1S4
3GPC3BP59HLP2I21HI8UVVT97BYDDC,2022-03-30 15:07:24 -0700,2022-03-30 17:58:09 -0700,FeePayment,,Mechanical Turk,-0.280,33P2GD6NRNSJCTMQV682BHDAVVCHKK,37Q970SNZE88ILBDOSJLZ0K2NSK1S4
3NFKPGBMY7GAYQI1TR64ZXFMLTBHYQ,2022-03-30 15:07:24 -0700,2022-03-30 20:50:13 -0700,AssignmentPayment,,A2RBF3IIJP15IH,-1.400,35F6NGNVM8JLMN61C60ILVBC0577TE,3UN61F00HWPV5OCJAQLSCGSND65R5N
324ESR6EARC2542TREU5YTOMCVVDJQ,2022-03-30 15:07:24 -0700,2022-03-30 17:58:09 -0700,FeePayment,,Mechanical Turk,-0.280,35F6NGNVM8JLMN61C60ILVBC0577TE,3UN61F00HWPV5OCJAQLSCGSND65R5N
3EJ3J1EXFRFDXQX0R1DG7HMH9TBI0J,2022-03-30 15:07:24 -0700,2022-03-30 17:08:35 -0700,AssignmentPayment,,A3EBLK7335F8AU,-1.400,3QI9WAYOGQB13NFH4WQ05CFU3B9S6B,3SKRO2GZ71RAU2Y5JJAJ8ETS6Y6K15
3LS77O4YON380UQTUZ6IE81EGK0DLS,2022-03-30 15:07:24 -0700,2022-03-30 17:58:09 -0700,FeePayment,,Mechanical Turk,-0.280,3QI9WAYOGQB13NFH4WQ05CFU3B9S6B,3SKRO2GZ71RAU2Y5JJAJ8ETS6Y6K15
3NB5KH27B4GCOGCUZ8CVS6OL3ULIE5,2022-03-30 15:08:24 -0700,2022-03-30 21:03:48 -0700,AssignmentPayment,,A3KP8KFGG6734Q,-1.400,32ZCLEW0BZKGEQEWWYGVJBFO2XMPJY,3NC5L260MOMKA8DSOAHX4XEVRDZOFU
3CJMTVT6PSB02T0PXKZJ0BALIQWE1G,2022-03-30 15:08:24 -0700,2022-03-30 17:58:09 -0700,FeePayment,,Mechanical Turk,-0.280,32ZCLEW0BZKGEQEWWYGVJBFO2XMPJY,3NC5L260MOMKA8DSOAHX4XEVRDZOFU
3KI9HS38X6RX92KOX39U012N8S0DBY,2022-03-30 15:09:24 -0700,2022-03-30 17:16:23 -0700,AssignmentPayment,,A2AGS81MDXHIYS,-1.400,3CKVGCS3PG56PCT227AJWB53Q8NS0A,3G0WWMR1UVKZJC3P1BSE17I4853NQ8
3Y5H1ELNWQORJTBRRAYQ3AI0C2D8X3,2022-03-30 15:09:24 -0700,2022-03-30 17:58:09 -0700,FeePayment,,Mechanical Turk,-0.280,3CKVGCS3PG56PCT227AJWB53Q8NS0A,3G0WWMR1UVKZJC3P1BSE17I4853NQ8
31A8EBQQG8PVG5W87UBK1988BPDDEY,2022-03-30 15:09:24 -0700,2022-03-30 17:30:19 -0700,AssignmentPayment,,A1OWM3QO7QAKBN,-1.400,3B623HUYJ4QO71Y5XBNYPQBL96ZS8X,3R6P78PK7KB610EVVB9EGSKUR0GTGK
3Y82DR129ISGOOB6SSMB0VYBK2B8Z0,2022-03-30 15:09:24 -0700,2022-03-30 17:58:09 -0700,FeePayment,,Mechanical Turk,-0.280,3B623HUYJ4QO71Y5XBNYPQBL96ZS8X,3R6P78PK7KB610EVVB9EGSKUR0GTGK
3HEY3HWUG4BPX5IZSU5QNFF8ITIDWE,2022-03-30 15:10:24 -0700,2022-03-30 17:34:55 -0700,AssignmentPayment,,A2EK1HDV4I4GSK,-1.400,3P6ENY9P79WS6YW2V3NQY1YX3RNHI9,3RKNTXVS3MYLAOM2UAGWCYXZD6N4AO
3ZNF495V94AQ2EPCFYP3CX5WLAG9J5,2022-03-30 15:10:24 -0700,2022-03-30 17:58:09 -0700,FeePayment,,Mechanical Turk,-0.280,3P6ENY9P79WS6YW2V3NQY1YX3RNHI9,3RKNTXVS3MYLAOM2UAGWCYXZD6N4AO
3D02WZ2UPEY1HLVEVINPM2OPH04E06,2022-03-30 15:10:24 -0700,2022-03-30 17:08:35 -0700,AssignmentPayment,,A3EBLK7335F8AU,-1.400,373L46LKP76F3ZHGJ6BNNUTP8NGKJS,32RIADZISS4PAK8WBA2NXYR5ZCU4SK
3IB8J63FN01WX4DCIJ1GSCIOPZL9L7,2022-03-30 15:10:24 -0700,2022-03-30 17:58:09 -0700,FeePayment,,Mechanical Turk,-0.280,373L46LKP76F3ZHGJ6BNNUTP8NGKJS,32RIADZISS4PAK8WBA2NXYR5ZCU4SK
3MKPGTO6FLANW1P7Z0GF9TTBE5I8P8,2022-03-30 15:11:24 -0700,2022-03-30 19:24:37 -0700,AssignmentPayment,,A39K5MR4MCSC56,-1.400,30QQTY5GMKK0M0LQCBQSQRXEJJE7U5,3Y54SXRO1LLP6IFQFGYVK7LL08VTUK
3QSWZPDJZ49JNPLOABGVX1B3RDT4BJ,2022-03-30 15:11:24 -0700,2022-03-30 17:58:09 -0700,FeePayment,,Mechanical Turk,-0.280,30QQTY5GMKK0M0LQCBQSQRXEJJE7U5,3Y54SXRO1LLP6IFQFGYVK7LL08VTUK
3X0B87PH6IQ0O6X3GMF9JZGAMMA8U4,2022-03-30 15:11:24 -0700,2022-03-30 18:15:41 -0700,AssignmentPayment,,A3L2XKXABNO0N5,-1.400,3RHLQY6EDT4HMBSLOI2WDF9G6HTD4H,3LS2AMNW5FQH1X312QSRGWI9YF8QOQ
3PGE08E61GC906X4FD2RGR2O6BL4F1,2022-03-30 15:11:24 -0700,2022-03-30 17:58:09 -0700,FeePayment,,Mechanical Turk,-0.280,3RHLQY6EDT4HMBSLOI2WDF9G6HTD4H,3LS2AMNW5FQH1X312QSRGWI9YF8QOQ
3ROYZLDQTTWMLASRM8B7DC7CKVCK8J,2022-03-30 15:12:24 -0700,2022-03-30 21:06:57 -0700,AssignmentPayment,,AG0SJW5KHJ0G5,-1.400,3PKJ68EHDNWO19G8DL8QA2DXG6CHJL,3U088ZLJVKT1ID74CEPMIK4DOD9W0A
3UO5S469PXGTHRCUUE3ZOZEGMA2FT8,2022-03-30 15:12:24 -0700,2022-03-30 17:58:09 -0700,FeePayment,,Mechanical Turk,-0.280,3PKJ68EHDNWO19G8DL8QA2DXG6CHJL,3U088ZLJVKT1ID74CEPMIK4DOD9W0A
3J1248OJCU7QLT1ZLZFQW45D19V249,2022-03-30 15:16:24 -0700,2022-03-30 17:30:19 -0700,AssignmentPayment,,A1OWM3QO7QAKBN,-1.400,3L55D8AUFAXNFQ0RDTVS9YV5GIGCY1,3DL65MZB8DFRV5GT3UO0RFZEQY1CE3
32NO3KM9IYYX1YQNQJ4QURD52U1XR4,2022-03-30 15:16:24 -0700,2022-03-30 17:58:09 -0700,FeePayment,,Mechanical Turk,-0.280,3L55D8AUFAXNFQ0RDTVS9YV5GIGCY1,3DL65MZB8DFRV5GT3UO0RFZEQY1CE3
3DN9YG6Z8C7U6R8PTUHJGDZYI9ZZ6Y,2022-03-30 15:17:24 -0700,2022-03-30 19:49:44 -0700,AssignmentPayment,,A237TRMBIC6GUZ,-1.400,3PMR2DOWOO1MIYDS9CKDF3LOT0V541,35BLDD71I6XL59DPQYXI2HOLZBQVZR
31BDT1VE836HL9W503T80UJXUE3USX,2022-03-30 15:17:24 -0700,2022-03-30 17:58:09 -0700,FeePayment,,Mechanical Turk,-0.280,3PMR2DOWOO1MIYDS9CKDF3LOT0V541,35BLDD71I6XL59DPQYXI2HOLZBQVZR
3RI91X5NQDQVTTKSJ7YVWI1KESPZAO,2022-03-30 15:17:24 -0700,2022-03-30 20:38:24 -0700,AssignmentPayment,,A3DE80E6B4EPE3,-1.400,3BAWBGQGYLZ0ZFAQH10XMDZXXQN7VU,3HVVDCPGTES6NRZVPHVKNSRYWW6TYI
331E17GH5GYXD1D9UYYDBH34TIXUV2,2022-03-30 15:17:24 -0700,2022-03-30 17:58:09 -0700,FeePayment,,Mechanical Turk,-0.280,3BAWBGQGYLZ0ZFAQH10XMDZXXQN7VU,3HVVDCPGTES6NRZVPHVKNSRYWW6TYI
3GYDAC2LPKEUPMBH4JUZA2BII0V2OJ,2022-03-30 15:19:24 -0700,2022-03-30 18:50:36 -0700,AssignmentPayment,,A3JDWMS5QJHREI,-1.400,3HEA4ZVWVDM4EHHSNH3NKVR2TWQ556,3QUO65DNQUO9TQAIJZCWQXFY10HOUW
39U9X0PGBQ7U2MUGT446IFV44W7YA3,2022-03-30 15:19:24 -0700,2022-03-30 17:58:09 -0700,FeePayment,,Mechanical Turk,-0.280,3HEA4ZVWVDM4EHHSNH3NKVR2TWQ556,3QUO65DNQUO9TQAIJZCWQXFY10HOUW
3DKOM3QKVK351W8ASCTYJSJNA91X6Z,2022-03-30 15:21:24 -0700,2022-03-30 18:44:26 -0700,AssignmentPayment,,A3314MSFISWSCY,-1.400,3L60IFZKF3ISA3LIPL55YPXI3E8HHG,358010RM5ETW0EDAPG9X5W8ARBSVXU
3A9NSTPT56TP5H4OW9Y3VJWDNFZSRR,2022-03-30 15:21:24 -0700,2022-03-30 17:58:09 -0700,FeePayment,,Mechanical Turk,-0.280,3L60IFZKF3ISA3LIPL55YPXI3E8HHG,358010RM5ETW0EDAPG9X5W8ARBSVXU
3631RK410MDCPYF1RXR2IQUFYPL375,2022-03-30 15:22:24 -0700,2022-03-30 18:45:51 -0700,AssignmentPayment,,A1KYKDX6XH90OT,-1.400,39KV3A5D187K7NTMN6VSBQFQYMTS7A,3TY7ZAOG5FKANDDNN06JU9AI160K02
3GWFYMBOLWPZHITPZ4VNDKLWSLSYTO,2022-03-30 15:22:24 -0700,2022-03-30 17:58:09 -0700,FeePayment,,Mechanical Turk,-0.280,39KV3A5D187K7NTMN6VSBQFQYMTS7A,3TY7ZAOG5FKANDDNN06JU9AI160K02
3CLQTG78SOGWPBIVZDCBZ4JRHJSZYY,2022-03-30 15:26:24 -0700,2022-03-30 20:26:47 -0700,AssignmentPayment,,A1OYPK24STCH0D,-1.400,388CL5C1RJNUWZ48G6K3QHQPKVHHLN,3TVSS0C0E102YM4VAGDW2V6ILO6TWJ
328BXDA4SNZUUBQFLK6CKU7LGR4VL9,2022-03-30 15:26:24 -0700,2022-03-30 17:58:09 -0700,FeePayment,,Mechanical Turk,-0.280,388CL5C1RJNUWZ48G6K3QHQPKVHHLN,3TVSS0C0E102YM4VAGDW2V6ILO6TWJ
3PE9C3P5HU49M5JY2YSOK1F0KXF02R,2022-03-30 15:26:24 -0700,2022-03-30 20:20:14 -0700,AssignmentPayment,,A24R1KHW1OQ84V,-1.400,3VMHWJRYHVG5IXURZZZRYQ9ZBPEFX9,3CFVK00FWLLGLUHKAPY1IAXO39RL67
3VN8VXO0JTUKIBT0XXMRXMBALM4VNB,2022-03-30 15:26:24 -0700,2022-03-30 17:58:09 -0700,FeePayment,,Mechanical Turk,-0.280,3VMHWJRYHVG5IXURZZZRYQ9ZBPEFX9,3CFVK00FWLLGLUHKAPY1IAXO39RL67
3I6EBHK5KB3X462ZP04RAEWC02H068,2022-03-30 15:26:24 -0700,2022-03-30 17:32:38 -0700,AssignmentPayment,,AB6PLH6Q19CNO,-1.400,3HRWUH63QU2846NYRHZ9ECROKHQN5E,3DQQ64TANGL46UBOTZ4CXL5LWLOWPK
3CVJBJGEK4LHYOL55T3DWGLG8LCVSN,2022-03-30 15:26:24 -0700,2022-03-30 17:58:09 -0700,FeePayment,,Mechanical Turk,-0.280,3HRWUH63QU2846NYRHZ9ECROKHQN5E,3DQQ64TANGL46UBOTZ4CXL5LWLOWPK
3C3A4H0QMB6Y8WZTF0PDDHQBL3Y3SS,2022-03-30 15:29:24 -0700,2022-03-30 18:38:55 -0700,AssignmentPayment,,A3D70ANCSMGX5F,-1.400,3Z3R5YC0P3NY1GL7UPYU9NOTYTQFTQ,33OOO72IVHLTKOYQTPDVQ1ZFT8OTCA
3NW18YN36OYS5J7X90XRMNCCVT8ZDX,2022-03-30 15:29:24 -0700,2022-03-30 17:58:09 -0700,FeePayment,,Mechanical Turk,-0.280,3Z3R5YC0P3NY1GL7UPYU9NOTYTQFTQ,33OOO72IVHLTKOYQTPDVQ1ZFT8OTCA
3YVTNODYO10JPJYL6CBCDGCY4BB40R,2022-03-30 15:31:24 -0700,2022-03-30 19:09:39 -0700,AssignmentPayment,,A5P12YJP805RG,-1.400,3XUSYT70IT10NNAK5HFU1CJ3P5DD01,3JCG6DTRV3QKM9GHH3KV51D9DGQQQY
32Q99H1M4DC6ATIN9W95MS9MZG7DIF,2022-03-30 15:31:24 -0700,2022-03-30 17:58:09 -0700,FeePayment,,Mechanical Turk,-0.280,3XUSYT70IT10NNAK5HFU1CJ3P5DD01,3JCG6DTRV3QKM9GHH3KV51D9DGQQQY
32DU0YB8LVTFAG44VUNYQ11QNRIIKQ,2022-03-30 15:34:24 -0700,2022-03-30 18:46:53 -0700,AssignmentPayment,,ACKG8OU1KHKO2,-1.400,3P4ZBJFX2V3QTXP1PU35W7VS2N8FWG,3KWTYT08703K2QH656OWQ4JO7EGL5R
3AX2R1EXZY6EDFFRM0GS1L1YLCXE7E,2022-03-30 15:34:24 -0700,2022-03-30 17:58:09 -0700,FeePayment,,Mechanical Turk,-0.280,3P4ZBJFX2V3QTXP1PU35W7VS2N8FWG,3KWTYT08703K2QH656OWQ4JO7EGL5R
3537HARDNHPY07PJTMFRXIIZ7WSIOA,2022-03-30 15:34:24 -0700,2022-03-30 17:08:35 -0700,AssignmentPayment,,A3EBLK7335F8AU,-1.400,3VCK0Q0PO5E99Z1XUBTXXHVX39FN0T,3NQL1CS15R8L0J3KUCVZOAFJTHMVY0
3YQ9YXO0DDTIRY3K1XECFHS4G2LE9Q,2022-03-30 15:34:24 -0700,2022-03-30 17:58:09 -0700,FeePayment,,Mechanical Turk,-0.280,3VCK0Q0PO5E99Z1XUBTXXHVX39FN0T,3NQL1CS15R8L0J3KUCVZOAFJTHMVY0
39X9PWQNDY1VO3ANNLWCIBSI8YLYAW,2022-03-30 15:35:24 -0700,2022-03-30 20:37:50 -0700,AssignmentPayment,,A3VMQ68CMSV4P5,-1.400,3YZ7A3YHR5T5KJF3ZDGVD61U7GYS5V,3YZ8UPK3VTM8K1DFTU35VXLHCMYUC5
38QUVPYW54XIDOYKUT836LH2A4QTVA,2022-03-30 15:35:24 -0700,2022-03-30 17:58:09 -0700,FeePayment,,Mechanical Turk,-0.280,3YZ7A3YHR5T5KJF3ZDGVD61U7GYS5V,3YZ8UPK3VTM8K1DFTU35VXLHCMYUC5
3CSWZ1CQND58WN0YPNS6N1EB3LHNNG,2022-03-30 15:36:24 -0700,2022-03-30 19:37:28 -0700,AssignmentPayment,,A3VEF4M5FIN7KH,-1.400,3WGZLY9VCHMI5CFN0LS9URPL83PD8O,3SLE99ER0ND6WVFJLH6I15UEWJAZBP
3ZNF495V94AQ2EPCFYP3CX5WLAHJ9G,2022-03-30 15:36:24 -0700,2022-03-30 17:58:09 -0700,FeePayment,,Mechanical Turk,-0.280,3WGZLY9VCHMI5CFN0LS9URPL83PD8O,3SLE99ER0ND6WVFJLH6I15UEWJAZBP
36QMLQOYUG45TEFO1LV98ODUVUDJAO,2022-03-30 15:38:24 -0700,2022-03-30 17:30:19 -0700,AssignmentPayment,,A1OWM3QO7QAKBN,-1.400,32PT7WK7DMFW4F9HO4XD3AHASHXD3W,3L4PIM1GQTGT7CM3LSQPNDQG8B9YRA
32TUUPV1JFRT3UGSU8O4T10FE36EWG,2022-03-30 15:38:24 -0700,2022-03-30 17:58:09 -0700,FeePayment,,Mechanical Turk,-0.280,32PT7WK7DMFW4F9HO4XD3AHASHXD3W,3L4PIM1GQTGT7CM3LSQPNDQG8B9YRA
3NS7XPSSE2AODZBDNCNABVEMC68OB7,2022-03-30 15:42:24 -0700,2022-03-30 17:04:06 -0700,AssignmentPayment,,A2PX3NMLT61Z7Z,-1.400,3NSCTNUR2ZN1KNT9IDU4S67OLAR5AC,317HQ483I7SM2EF6O3N5S5RIHVSNIB
398IL1OXU6LG3A7AIEVHS0RESD8JXZ,2022-03-30 15:42:24 -0700,2022-03-30 17:58:09 -0700,FeePayment,,Mechanical Turk,-0.280,3NSCTNUR2ZN1KNT9IDU4S67OLAR5AC,317HQ483I7SM2EF6O3N5S5RIHVSNIB
3SYPCOZQL3S8WDQMZDV49YJLJ17Q8K,2022-03-30 16:20:24 -0700,2022-03-30 19:44:45 -0700,AssignmentPayment,,A2VIKCIM9TZL22,-1.400,3O2Y2UIUCQUZYXVK0GK28W1XFGZKFP,39DD6S19JPB43YR3V8882D0ZZGNZEP
3WDL9D7JGAJFHJMQGP6XJCJ0J6RLTM,2022-03-30 16:20:24 -0700,2022-03-30 17:58:09 -0700,FeePayment,,Mechanical Turk,-0.280,3O2Y2UIUCQUZYXVK0GK28W1XFGZKFP,39DD6S19JPB43YR3V8882D0ZZGNZEP
3MGPY8TFGEDEQGNTSE96UL57R43OFS,2022-03-30 16:22:24 -0700,2022-03-30 18:00:59 -0700,AssignmentPayment,,A1US0FXWSAJCGB,-1.400,3B9J25CZ25DQJ4OIEN33RC74ZXKSC3,3A4NIXBJ76ZIAX2CX55I76UAT99MLL
3D5014L9LQOADEAVCAA03PXVUTAK2R,2022-03-30 16:22:24 -0700,2022-03-30 17:58:09 -0700,FeePayment,,Mechanical Turk,-0.280,3B9J25CZ25DQJ4OIEN33RC74ZXKSC3,3A4NIXBJ76ZIAX2CX55I76UAT99MLL
36QMLQOYUG45TEFO1LV98ODUVUHJAS,2022-03-30 16:28:26 -0700,2022-03-30 20:48:41 -0700,AssignmentPayment,,AXYR0URDD5Y6N,-1.400,3X4Q1O9UBHM59V1TGPEJRL5P1XQ7OS,3HHRAGRYX85B9YMFLOH5U1SKOF4O92
3INCC4VPI0RGO5GN4YJ87ZH17U8EVA,2022-03-30 16:28:26 -0700,2022-03-30 17:58:09 -0700,FeePayment,,Mechanical Turk,-0.280,3X4Q1O9UBHM59V1TGPEJRL5P1XQ7OS,3HHRAGRYX85B9YMFLOH5U1SKOF4O92
3ZQFW562BC4ROV5J9FH9CT2APC29J6,2022-03-30 16:47:26 -0700,2022-03-30 19:03:36 -0700,AssignmentPayment,,A13XMRE3EKZ715,-1.400,3126F2F5F8383AS4IX54MV2WXPQPED,3SPJ0334213C9O3QDNHGLM4PYUFJY3
3K75PJI5OIUHY94F91PIUFBBHHF54R,2022-03-30 16:47:26 -0700,2022-03-30 17:58:09 -0700,FeePayment,,Mechanical Turk,-0.280,3126F2F5F8383AS4IX54MV2WXPQPED,3SPJ0334213C9O3QDNHGLM4PYUFJY3
